{
  "frame_id": "imu",
  "child_frame_id": "main_lidar",
  "transform": {
    "translation": {
      "x": -0.01908926443170156,
      "y": 1.312248963627528,
      "z": 1.674931679116971
    },
    "rotation": {
      "x": 0.004078687325376589,
      "y": -0.0004813396064386223,
      "z": 0.7071308337877213,
      "w": 0.7070708002234056
    }
  }
}