{
  "D": [
    0.019115031771708826,
    -0.009179515612925994,
    0.0007149901247007297,
    -0.00030227794661114417
  ],
  "K": [
    567.5722030606746,
    567.7876609033948,
    953.0655212579763,
    768.9014674390102
  ],
  "distortion_model": "fisheye",
  "frame_id": "fisheye_rear",
  "height": 1536,
  "width": 1920
}