{
  "frame_id": "imu",
  "child_frame_id": "main_lidar",
  "transform": {
    "translation": {
      "x": 0.03457972500415507,
      "y": 1.043678808095564,
      "z": 1.566590507966207
    },
    "rotation": {
      "x": 0.01176265857621419,
      "y": 0.005822868216528021,
      "z": 0.7043564323039959,
      "w": 0.7097251230870576
    }
  }
}