{"duration": 2.526606321334839, "input_args": {"l": "3"}, "time": 1697470289.999388}