{
  "frame_id": "imu",
  "child_frame_id": "main_lidar",
  "transform": {
    "translation": {
      "x": 0.01445213051740166,
      "y": 1.026992505002523,
      "z": 1.565333277366212
    },
    "rotation": {
      "x": 0.01056305241506121,
      "y": 0.006963570818208348,
      "z": 0.7052264646928761,
      "w": 0.708869215089726
    }
  }
}