{
  "child_frame_id": "left_lidar",
  "header": {
    "frame_id": "main_lidar",
    "seq": 0,
    "stamp": {
      "secs": 0,
      "nsecs": 0
    }
  },
  "transform": {
    "rotation": {
      "x": -0.12080833800987262,
      "y": 0.11450419544461768,
      "z": 0.6965066137329174,
      "w": 0.6979775581773225
    },
    "translation": {
      "x": 0.00885364226987921,
      "y": 0.7203730984255419,
      "z": -0.21952578588037566
    }
  },
  "error": {
    "rms_error": 0.029277038912754693
  }
}