{
  "child_frame_id": "right_lidar",
  "header": {
    "frame_id": "main_lidar",
    "seq": 0,
    "stamp": {
      "secs": 0,
      "nsecs": 0
    }
  },
  "transform": {
    "rotation": {
      "x": -0.12372173465837091,
      "y": -0.11084188191299484,
      "z": 0.705244405731719,
      "w": -0.6892295247384749
    },
    "translation": {
      "x": -0.014778416410830428,
      "y": -0.7224759270117516,
      "z": -0.22699224378941396
    }
  },
  "error": {
    "rms_error": 0.029200170563314327
  }
}