{
  "frame_id": "imu",
  "child_frame_id": "main_lidar",
  "transform": {
    "translation": {
      "x": -0.001107011563989728,
      "y": 1.549112952184481,
      "z": 1.418469028140497
    },
    "rotation": {
      "x": 0.01785049085399919,
      "y": 0.004492972498369241,
      "z": 0.7133253510642978,
      "w": 0.7005912622231284
    }
  }
}