{
  "D": [
    1.86723,
    0.511304,
    -1.29934e-6,
    -0.000023245,
    0.00768013,
    2.28504,
    1.16198,
    0.0879587
  ],
  "K": [
    1116.67,
    1116.33,
    959.172,
    641.197
  ],
  "distortion_model": "pinhole",
  "frame_id": "camera_left_rear",
  "height": 1280,
  "width": 1920
}