{
  "D": [
    0.016388236626368805,
    -0.005382294983491679,
    -0.0011141880513247367,
    9.679644705893463e-6
  ],
  "K": [
    563.5395919895645,
    564.016766667314,
    966.9530958415237,
    747.0315888057174
  ],
  "distortion_model": "fisheye",
  "frame_id": "fisheye_left",
  "height": 1536,
  "width": 1920
}