{
  "D": [
    2.81558847462449,
    1.27391987732607,
    0.000106027699377691,
    -0.0000241882588485127,
    0.0559549843554729,
    3.17545822632696,
    2.20653127663273,
    0.302284442876312
  ],
  "K": [
    1902.97915603622,
    1903.35551319711,
    1917.08878546899,
    1086.07528186543
  ],
  "distortion_model": "pinhole",
  "frame_id": "front_wide",
  "height": 2160,
  "width": 3840
}