{
  "child_frame_id": "qt128_qt128_front",
  "header": {
    "frame_id": "velodyne64",
    "seq": 0,
    "stamp": {
      "nsecs": 0,
      "secs": 0
    }
  },
  "transform": {
    "rotation": {
      "w": 0.9889810748040236,
      "x": -0.004278988065583222,
      "y": 0.14788284532695933,
      "z": 0.005365444866497922
    },
    "translation": {
      "x": 2.5114728548009504,
      "y": -0.010351093573889324,
      "z": -1.2177789943047952
    }
  }
}