{
  "child_frame_id": "qt128_qt128_front",
  "header": {
    "frame_id": "velodyne64",
    "seq": 0,
    "stamp": {
      "nsecs": 0,
      "secs": 0
    }
  },
  "transform": {
    "rotation": {
      "w": 0.9997194833223486,
      "x": -0.011377944375523872,
      "y": -0.018295192174217396,
      "z": 0.009837834659743165
    },
    "translation": {
      "x": 2.4672203112171904,
      "y": 0.018745407891004432,
      "z": -1.2119984039634435
    }
  }
}