{
  "child_frame_id": "qt128_qt128_left",
  "header": {
    "frame_id": "velodyne64",
    "seq": 0,
    "stamp": {
      "nsecs": 0,
      "secs": 0
    }
  },
  "transform": {
    "rotation": {
      "w": 0.6892950885058298,
      "x": -0.10040226775169059,
      "y": 0.11225995426038618,
      "z": 0.7086532073317061
    },
    "translation": {
      "x": -0.1552651652425567,
      "y": 0.7191643885027816,
      "z": -0.3496172886933978
    }
  }
}