{
  "child_frame_id": "qt128_qt128_right",
  "header": {
    "frame_id": "velodyne64",
    "seq": 0,
    "stamp": {
      "nsecs": 0,
      "secs": 0
    }
  },
  "transform": {
    "rotation": {
      "w": 0.7063124333792821,
      "x": 0.08859321320344242,
      "y": 0.10615168242118815,
      "z": -0.6942663821238054
    },
    "translation": {
      "x": -0.1491522563282315,
      "y": -0.7207194029231044,
      "z": -0.3394477774935335
    }
  }
}