{
  "child_frame_id": "qt128_qt128_rear",
  "header": {
    "frame_id": "velodyne64",
    "seq": 0,
    "stamp": {
      "nsecs": 0,
      "secs": 0
    }
  },
  "transform": {
    "rotation": {
      "w": -0.003950589423149537,
      "x": -0.12064490744772101,
      "y": 0.002533081630727639,
      "z": 0.9926846340341894
    },
    "translation": {
      "x": -2.473758487890885,
      "y": 0.0009355195099778679,
      "z": -1.314206174991183
    }
  }
}