{
  "child_frame_id": "qt128_qt128_right",
  "header": {
    "frame_id": "velodyne64",
    "seq": 0,
    "stamp": {
      "nsecs": 0,
      "secs": 0
    }
  },
  "transform": {
    "rotation": {
      "w": 0.6986486041281357,
      "x": 0.1185556385439241,
      "y": 0.10891138048374505,
      "z": -0.6971176369310813
    },
    "translation": {
      "x": -0.15217175067828162,
      "y": -0.7052784211370576,
      "z": -0.3566885028175089
    }
  }
}