{
  "D": [
    0.0001438660708580407,
    0.08004684834437571,
    0.0,
    0.0
  ],
  "K": [
    7410.880044979921,
    7410.880044979921,
    1902.647506970213,
    1062.5877777462647
  ],
  "distortion_model": "fisheye",
  "frame_id": "camera_front_main",
  "height": 2160,
  "width": 3840
}