{
  "frame_id": "imu",
  "child_frame_id": "main_lidar",
  "transform": {
    "translation": {
      "x": 0.01011938987914572,
      "y": 1.046746433174287,
      "z": 1.574820626139858
    },
    "rotation": {
      "x": 0.00851757556253504,
      "y": 0.00909663567190858,
      "z": 0.71068345575808,
      "w": 0.7034015409691269
    }
  }
}