{
  "D": [
    2.26375898422582,
    1.07792851089532,
    5.55240526376418e-6,
    0.0000887443904564403,
    0.0546899943410695,
    2.62311924299825,
    1.81266490043967,
    0.274910334779047
  ],
  "K": [
    1904.29443693318,
    1904.29443693318,
    1923.53182444651,
    1086.00943208801
  ],
  "distortion_model": "pinhole",
  "frame_id": "camera_front_wide",
  "height": 2160,
  "width": 3840
}