{
  "D": [
    -0.504737,
    0.283741,
    0.000463777,
    0.0000380299,
    -0.109518,
    0.0,
    0.0,
    0.0
  ],
  "K": [
    1949.68,
    1948.98,
    956.577,
    631.313
  ],
  "distortion_model": "pinhole",
  "frame_id": "rear_main",
  "height": 1280,
  "width": 1920
}