{
  "D": [
    2.17017463356436,
    -8.37262028364527,
    4.26098221654552e-6,
    0.000278560421117915,
    -1.2487472596206,
    2.58967134253022,
    -7.63676025907087,
    -4.64399144811619
  ],
  "K": [
    1784.06745392828,
    1783.99379323174,
    965.878768166861,
    638.291217848326
  ],
  "distortion_model": "pinhole",
  "frame_id": "rear_main",
  "height": 1280,
  "width": 1920
}