{
  "child_frame_id": "qt128_left",
  "header": {
    "frame_id": "velodyne64",
    "seq": 0,
    "stamp": {
      "nsecs": 0,
      "secs": 0
    }
  },
  "transform": {
    "rotation": {
      "w": 0.6875298623067032,
      "x": -0.1510949949436467,
      "y": 0.1536955616921797,
      "z": 0.6934339660383174
    },
    "translation": {
      "x": 0.0025820055723467013,
      "y": 0.7169224321436424,
      "z": -0.16731541318733922
    }
  }
}