{
  "child_frame_id": "qt128_rear",
  "header": {
    "frame_id": "velodyne64",
    "seq": 0,
    "stamp": {
      "nsecs": 0,
      "secs": 0
    }
  },
  "transform": {
    "rotation": {
      "w": -0.0035972106855520843,
      "x": -0.14756822764416916,
      "y": -0.004398824577401994,
      "z": 0.9890355547742354
    },
    "translation": {
      "x": -2.2280120468027884,
      "y": 0.014870116498414673,
      "z": -1.3158181912865121
    }
  }
}