{
  "child_frame_id": "qt128_right",
  "header": {
    "frame_id": "velodyne64",
    "seq": 0,
    "stamp": {
      "nsecs": 0,
      "secs": 0
    }
  },
  "transform": {
    "rotation": {
      "w": 0.6917250333609825,
      "x": 0.1529803406012568,
      "y": 0.15286204327406716,
      "z": -0.6890186422277327
    },
    "translation": {
      "x": 0.00015559388267335974,
      "y": -0.7174769919903202,
      "z": -0.1751166295876044
    }
  }
}