{
  "D": [
    4.21748,
    1.84876,
    0.0000720705,
    0.0000321355,
    0.0680817,
    4.63743,
    3.46824,
    0.44857
  ],
  "K": [
    1114.81,
    1114.48,
    958.162,
    642.027
  ],
  "distortion_model": "pinhole",
  "frame_id": "left_front",
  "height": 1280,
  "width": 1920
}