{
  "frame_id": "imu",
  "child_frame_id": "main_lidar",
  "transform": {
    "translation": {
      "x": 0.9373202262286131,
      "y": 1.074601807756591,
      "z": 1.573926391506776
    },
    "rotation": {
      "x": 0.00940556441039293,
      "y": 0.006013892430666777,
      "z": 0.7121695039845576,
      "w": 0.7019187745390086
    }
  }
}