{
  "child_frame_id": "qt128_qt128_front",
  "header": {
    "frame_id": "velodyne64",
    "seq": 0,
    "stamp": {
      "nsecs": 0,
      "secs": 0
    }
  },
  "transform": {
    "rotation": {
      "w": 0.9987876272539048,
      "x": -0.023829812330872904,
      "y": 0.04172586479299536,
      "z": -0.01069429268661662
    },
    "translation": {
      "x": 2.2815370189184088,
      "y": -0.012737178840976192,
      "z": -1.0322944519500135
    }
  }
}