{
  "child_frame_id": "qt128_qt128_left",
  "header": {
    "frame_id": "velodyne64",
    "seq": 0,
    "stamp": {
      "nsecs": 0,
      "secs": 0
    }
  },
  "transform": {
    "rotation": {
      "w": 0.7063222645958834,
      "x": -0.036189497181061694,
      "y": 0.06486410895395359,
      "z": 0.7039828308982644
    },
    "translation": {
      "x": -0.13502715125318954,
      "y": 0.6333110666691684,
      "z": -0.21938174084447012
    }
  }
}