{
  "child_frame_id": "qt128_qt128_rear",
  "header": {
    "frame_id": "velodyne64",
    "seq": 0,
    "stamp": {
      "nsecs": 0,
      "secs": 0
    }
  },
  "transform": {
    "rotation": {
      "w": 0.008948001366758478,
      "x": -0.0813244595003554,
      "y": 0.009391317765560025,
      "z": 0.9966032654517754
    },
    "translation": {
      "x": -2.71668149085429,
      "y": 0.05334718118558103,
      "z": -1.1340678292309176
    }
  }
}