{
  "child_frame_id": "qt128_qt128_right",
  "header": {
    "frame_id": "velodyne64",
    "seq": 0,
    "stamp": {
      "nsecs": 0,
      "secs": 0
    }
  },
  "transform": {
    "rotation": {
      "w": 0.7098861140369986,
      "x": 0.02084655008242566,
      "y": 0.04261737782385922,
      "z": -0.7027167890085798
    },
    "translation": {
      "x": -0.38927596208520343,
      "y": -0.6351445854543197,
      "z": -0.21816212918579364
    }
  }
}