{
  "D": [
    0.015604640664470863,
    -0.0057321912904562495,
    -0.0009740021087846112,
    0.000011381672465211301
  ],
  "K": [
    569.6782678944865,
    569.9418580776534,
    959.569492586877,
    764.0252740905285
  ],
  "distortion_model": "fisheye",
  "frame_id": "fisheye_front",
  "height": 1536,
  "width": 1920
}