{
  "frame_id": "imu",
  "child_frame_id": "main_lidar",
  "transform": {
    "translation": {
      "x": 0.02195897823300521,
      "y": 1.298218073859298,
      "z": 1.589773912269236
    },
    "rotation": {
      "x": 0.01378125177471241,
      "y": 0.01569075422065266,
      "z": 0.7066329027055382,
      "w": 0.70727209625819
    }
  }
}