{
  "D": [
    0.250723793813194,
    -0.148777243054496,
    -0.0000856700867154938,
    0.000037048162816445,
    -0.00885672077740549,
    0.612680100728748,
    -0.147291936370533,
    -0.0449269240054423
  ],
  "K": [
    1911.95267661223,
    1911.95267661223,
    1915.95874534457,
    1079.92188906517
  ],
  "distortion_model": "pinhole",
  "frame_id": "front_wide",
  "height": 2160,
  "width": 3840
}