{
  "D": [
    3.5649,
    1.45838,
    0.0000225979,
    -0.0000598449,
    0.0487066,
    3.98368,
    2.80949,
    0.338648
  ],
  "K": [
    1115.96,
    1115.44,
    959.043,
    642.492
  ],
  "distortion_model": "pinhole",
  "frame_id": "camera_left_rear",
  "height": 1280,
  "width": 1920
}