{
  "frame_id": "imu",
  "child_frame_id": "main_lidar",
  "transform": {
    "translation": {
      "x": 0.0532580674165251,
      "y": 1.1438674313656,
      "z": 1.762245485239861
    },
    "rotation": {
      "x": -0.009871942939602717,
      "y": 0.02123198364457165,
      "z": 0.7060140832465646,
      "w": 0.7078106115837958
    }
  }
}