{
  "frame_id": "main_lidar",
  "child_frame_id": "left_lidar",
  "transform": {
    "rotation": {
      "x": -0.1108758885243926,
      "y": 0.1148859992609805,
      "z": 0.7019885977751,
      "w": 0.6940603382354316
    },
    "translation": {
      "x": -0.09873513,
      "y": 0.796757,
      "z": -0.4179189
    }
  },
  "sync_angle": {
    "main_angle": 0,
    "left_angle": 90
  }
}