{
  "child_frame_id": "qt128_front",
  "header": {
    "frame_id": "velodyne64",
    "seq": 0,
    "stamp": {
      "nsecs": 0,
      "secs": 0
    }
  },
  "transform": {
    "rotation": {
      "w": 0.9768265850996681,
      "x": -0.0028578056140646188,
      "y": 0.21384085576735676,
      "z": -0.00858743234485865
    },
    "translation": {
      "x": 2.570294101512441,
      "y": -0.016583277645860227,
      "z": -1.0483048417064784
    }
  }
}