{
  "child_frame_id": "qt128_left",
  "header": {
    "frame_id": "velodyne64",
    "seq": 0,
    "stamp": {
      "nsecs": 0,
      "secs": 0
    }
  },
  "transform": {
    "rotation": {
      "w": 0.6883407775100857,
      "x": -0.15198270815734083,
      "y": 0.15460756213050184,
      "z": 0.6922317041063882
    },
    "translation": {
      "x": -0.004192225143502666,
      "y": 0.7164677564376505,
      "z": -0.18105481534548096
    }
  }
}