{
  "child_frame_id": "qt128_rear",
  "header": {
    "frame_id": "velodyne64",
    "seq": 0,
    "stamp": {
      "nsecs": 0,
      "secs": 0
    }
  },
  "transform": {
    "rotation": {
      "w": -0.0019461388082371335,
      "x": -0.14782835643237713,
      "y": -0.01273535687323487,
      "z": 0.9889291179167254
    },
    "translation": {
      "x": -2.2271363843019603,
      "y": 0.017138616156110776,
      "z": -1.3932973885372566
    }
  }
}