{
  "child_frame_id": "qt128_right",
  "header": {
    "frame_id": "velodyne64",
    "seq": 0,
    "stamp": {
      "nsecs": 0,
      "secs": 0
    }
  },
  "transform": {
    "rotation": {
      "w": 0.6934578918542426,
      "x": 0.15585991615534156,
      "y": 0.15103451502794615,
      "z": -0.6870315960939444
    },
    "translation": {
      "x": 0.005424272851089326,
      "y": -0.7210975078629964,
      "z": -0.17813747030046476
    }
  }
}