{
  "child_frame_id": "qt128_qt128_left",
  "header": {
    "frame_id": "velodyne64",
    "seq": 0,
    "stamp": {
      "nsecs": 0,
      "secs": 0
    }
  },
  "transform": {
    "rotation": {
      "w": 0.6933067680247388,
      "x": -0.11665030098490659,
      "y": 0.11815867673514964,
      "z": 0.7012538483341252
    },
    "translation": {
      "x": -0.14994035188303578,
      "y": 0.7095760343390635,
      "z": -0.34710467396658473
    }
  }
}