{
  "child_frame_id": "qt128_qt128_rear",
  "header": {
    "frame_id": "velodyne64",
    "seq": 0,
    "stamp": {
      "nsecs": 0,
      "secs": 0
    }
  },
  "transform": {
    "rotation": {
      "w": -0.004053729864283955,
      "x": -0.11968441937638541,
      "y": 0.002668389998999914,
      "z": 0.9928001242584219
    },
    "translation": {
      "x": -2.473549445462842,
      "y": 0.004872310548923487,
      "z": -1.3184939906468425
    }
  }
}