{
  "D": [
    0.019026910963433598,
    -0.008243533094294856,
    -0.0001390786567821917,
    -0.0001134409022963514
  ],
  "K": [
    565.527472202922,
    565.7603059619482,
    950.4616985795086,
    763.7952438340798
  ],
  "distortion_model": "fisheye",
  "frame_id": "fisheye_right",
  "height": 1536,
  "width": 1920
}