{
  "D": [
    2.61539,
    0.978063,
    0.0000186096,
    5.27361e-6,
    0.0322799,
    3.03413,
    1.93818,
    0.223405
  ],
  "K": [
    1115.76,
    1115.48,
    959.2,
    640.426
  ],
  "distortion_model": "pinhole",
  "frame_id": "camera_left_rear",
  "height": 1280,
  "width": 1920
}