{
  "child_frame_id": "qt128_front",
  "header": {
    "frame_id": "velodyne64",
    "seq": 0,
    "stamp": {
      "nsecs": 0,
      "secs": 0
    }
  },
  "transform": {
    "rotation": {
      "w": 0.9987216777303155,
      "x": -0.02255655012548796,
      "y": 0.043142738691375124,
      "z": -0.013598403442606929
    },
    "translation": {
      "x": 2.2888627526758234,
      "y": -0.048792500787677696,
      "z": -1.025016211849515
    }
  }
}