{
  "child_frame_id": "qt128_left",
  "header": {
    "frame_id": "velodyne64",
    "seq": 0,
    "stamp": {
      "nsecs": 0,
      "secs": 0
    }
  },
  "transform": {
    "rotation": {
      "w": 0.7084402460747115,
      "x": -0.03946489916067228,
      "y": 0.06926710233160895,
      "z": 0.7012538827061299
    },
    "translation": {
      "x": -0.38709623389316344,
      "y": 0.6237487955691879,
      "z": -0.209907723705883
    }
  }
}