{
  "child_frame_id": "qt128_right",
  "header": {
    "frame_id": "velodyne64",
    "seq": 0,
    "stamp": {
      "nsecs": 0,
      "secs": 0
    }
  },
  "transform": {
    "rotation": {
      "w": 0.7094921401805772,
      "x": 0.022873524855580987,
      "y": 0.04577684874626137,
      "z": -0.7028528900143524
    },
    "translation": {
      "x": -0.39672768825508004,
      "y": -0.6274904818726074,
      "z": -0.19381204814056946
    }
  }
}