{
  "D": [
    1.29955,
    0.265196,
    -2.00463e-6,
    0.0000280792,
    0.00213834,
    1.71739,
    0.683834,
    0.037456
  ],
  "K": [
    1118.22,
    1117.77,
    960.831,
    640.253
  ],
  "distortion_model": "pinhole",
  "frame_id": "camera_right_front",
  "height": 1280,
  "width": 1920
}