{"duration": 34.74687433242798, "input_args": {"N": "17"}, "time": 1698531871.8391514}