{
  "D": [
    0.01776574335459175,
    -0.008174549722406627,
    0.00041729826844400224,
    -0.0002838541893055813
  ],
  "K": [
    565.0538306747683,
    565.381808807714,
    955.002938390701,
    762.1813655137441
  ],
  "distortion_model": "fisheye",
  "frame_id": "fisheye_rear",
  "height": 1536,
  "width": 1920
}