{
  "child_frame_id": "qt128_left",
  "header": {
    "frame_id": "velodyne64",
    "seq": 0,
    "stamp": {
      "nsecs": 0,
      "secs": 0
    }
  },
  "transform": {
    "rotation": {
      "w": 0.6925266759841499,
      "x": -0.1539029399539827,
      "y": 0.15588971678998495,
      "z": 0.6873274942289181
    },
    "translation": {
      "x": 0.004318498035138244,
      "y": 0.7165666480265676,
      "z": -0.18518085616616425
    }
  }
}