{
  "child_frame_id": "qt128_right",
  "header": {
    "frame_id": "velodyne64",
    "seq": 0,
    "stamp": {
      "nsecs": 0,
      "secs": 0
    }
  },
  "transform": {
    "rotation": {
      "w": -0.6891091004617215,
      "x": -0.1572667176779968,
      "y": -0.15286639334463745,
      "z": 0.6906719141223487
    },
    "translation": {
      "x": -0.002663753940027996,
      "y": -0.7159583866605786,
      "z": -0.18266024100475478
    }
  }
}