{"duration": 30.420839309692383, "input_args": {"N": "120"}, "time": 1698532033.4067366}