{"duration": 2.2411630153656006, "input_args": {"l": "2"}, "time": 1697470287.4580476}