{
  "frame_id": "imu",
  "child_frame_id": "main_lidar",
  "transform": {
    "translation": {
      "x": 0.008396117317089058,
      "y": 1.154153755650962,
      "z": 1.95746297910562
    },
    "rotation": {
      "x": -0.006728197109125614,
      "y": -0.001946756583351024,
      "z": 0.7075394530498175,
      "w": 0.7066391327123281
    }
  }
}