{
  "child_frame_id": "qt128_front",
  "header": {
    "frame_id": "velodyne64",
    "seq": 0,
    "stamp": {
      "nsecs": 0,
      "secs": 0
    }
  },
  "transform": {
    "rotation": {
      "w": 0.980792601571687,
      "x": -0.0022485921299439295,
      "y": 0.19503892301526082,
      "z": 0.0007968969333954546
    },
    "translation": {
      "x": 2.5918531057936325,
      "y": 0.010296725213962386,
      "z": -1.0565061811076502
    }
  }
}