{
  "child_frame_id": "qt128_left",
  "header": {
    "frame_id": "velodyne64",
    "seq": 0,
    "stamp": {
      "nsecs": 0,
      "secs": 0
    }
  },
  "transform": {
    "rotation": {
      "w": 0.6901249520065944,
      "x": -0.11595921436205853,
      "y": 0.1283415554407331,
      "z": 0.7027157721081
    },
    "translation": {
      "x": 0.003659467746768432,
      "y": 0.7218834097382764,
      "z": -0.22719494081391828
    }
  }
}