{
  "child_frame_id": "qt128_rear",
  "header": {
    "frame_id": "velodyne64",
    "seq": 0,
    "stamp": {
      "nsecs": 0,
      "secs": 0
    }
  },
  "transform": {
    "rotation": {
      "w": -0.006373358287906739,
      "x": -0.2336267271110655,
      "y": 0.005062089223115773,
      "z": 0.9722922955244492
    },
    "translation": {
      "x": -2.235155785753,
      "y": -0.021366012711034266,
      "z": -1.3169815745809197
    }
  }
}