{
  "child_frame_id": "qt128_right",
  "header": {
    "frame_id": "velodyne64",
    "seq": 0,
    "stamp": {
      "nsecs": 0,
      "secs": 0
    }
  },
  "transform": {
    "rotation": {
      "w": 0.7035877595144717,
      "x": 0.12071129955446185,
      "y": 0.12046370242663376,
      "z": -0.689841679821498
    },
    "translation": {
      "x": 0.009287667874379662,
      "y": -0.722766083154478,
      "z": -0.22646597630417828
    }
  }
}