{
  "frame_id": "main_lidar",
  "child_frame_id": "left_lidar",
  "transform": {
    "rotation": {
      "w": 0.7043520241532227,
      "x": -0.040382315538333664,
      "y": 0.08037335457609539,
      "z": 0.7041289786233811
    },
    "translation": {
      "x": -0.37667790900626663,
      "y": 0.627371878773707,
      "z": -0.2382141710989534
    }
  },
  "sync_angle": {
    "main_angle": 0,
    "left_angle": 90
  }
}