{
  "frame_id": "main_lidar",
  "child_frame_id": "right_lidar",
  "transform": {
    "rotation": {
      "w": -0.6941834821261417,
      "x": -0.050246690360317516,
      "y": -0.07591712958146711,
      "z": 0.7140176137093327
    },
    "translation": {
      "x": -0.40372340928518363,
      "y": -0.6110009736668439,
      "z": -0.2523744683298851
    }
  },
  "sync_angle": {
    "main_angle": 0,
    "right_angle": 270
  }
}