{
  "D": [
    0.01571141788688228,
    -0.005620307748453665,
    -0.00076407135469575,
    -0.00006688777850879074
  ],
  "K": [
    570.7113063758022,
    570.7232736239399,
    954.6801644489494,
    759.0628111620023
  ],
  "distortion_model": "fisheye",
  "frame_id": "fisheye_front",
  "height": 1536,
  "width": 1920
}