{
  "D": [
    -0.020382082706282147,
    0.0015095663982641553,
    0.0,
    0.0
  ],
  "K": [
    1856.2772766294236,
    1856.2772766294236,
    1924.820117592635,
    1076.274544685098
  ],
  "distortion_model": "fisheye",
  "frame_id": "camera_front_wide",
  "height": 2160,
  "width": 3840
}