{
  "child_frame_id": "qt128_front",
  "header": {
    "frame_id": "velodyne64",
    "seq": 0,
    "stamp": {
      "nsecs": 0,
      "secs": 0
    }
  },
  "transform": {
    "rotation": {
      "w": 0.9794722680881517,
      "x": -0.0006884573909895283,
      "y": 0.2014912441269451,
      "z": -0.005905981108040821
    },
    "translation": {
      "x": 2.548637233873309,
      "y": -0.031042460945207063,
      "z": -1.0253879028757207
    }
  }
}