{
  "child_frame_id": "qt128_right",
  "header": {
    "frame_id": "velodyne64",
    "seq": 0,
    "stamp": {
      "nsecs": 0,
      "secs": 0
    }
  },
  "transform": {
    "rotation": {
      "w": -0.6893891880555769,
      "x": -0.16027219328018177,
      "y": -0.1522595769755811,
      "z": 0.6898350474370301
    },
    "translation": {
      "x": -0.008607705245068703,
      "y": -0.7213603008351611,
      "z": -0.1859920365559873
    }
  }
}