{
  "D": [
    1.74,
    0.419943,
    -1.93621e-6,
    0.0000186423,
    0.003539,
    2.15966,
    1.0159,
    0.0624377
  ],
  "K": [
    1117,
    1116.6,
    959.731,
    636.038
  ],
  "distortion_model": "pinhole",
  "frame_id": "camera_right_front",
  "height": 1280,
  "width": 1920
}