{
  "D": [
    3.35885,
    1.33894,
    0.000086605,
    0.0000232518,
    0.0444233,
    3.7788,
    2.60338,
    0.308773
  ],
  "K": [
    1116.62,
    1116.31,
    959.488,
    641.094
  ],
  "distortion_model": "pinhole",
  "frame_id": "right_front",
  "height": 1280,
  "width": 1920
}