{
  "frame_id": "imu",
  "child_frame_id": "main_lidar",
  "transform": {
    "translation": {
      "x": -0.0167218420527962,
      "y": 1.531213288275653,
      "z": 1.445382510025857
    },
    "rotation": {
      "x": 0.01759379365103256,
      "y": 0.002624124164173987,
      "z": 0.7127273900902708,
      "w": 0.7012155444743413
    }
  }
}