{
  "frame_id": "imu",
  "child_frame_id": "main_lidar",
  "transform": {
    "translation": {
      "x": -0.01695455066782865,
      "y": 1.486911842578251,
      "z": 1.447700783969893
    },
    "rotation": {
      "x": 0.01761889116595313,
      "y": 0.002466637675790373,
      "z": 0.7132815995963292,
      "w": 0.7006517323535
    }
  }
}