{
  "D": [
    0.008595329997326265,
    0.007618888258697262,
    -0.009895587563439391,
    0.002022811288310058
  ],
  "K": [
    567.5871317082058,
    567.5871317082058,
    953.9236450195312,
    768.127197265625
  ],
  "distortion_model": "fisheye",
  "frame_id": "fisheye_front",
  "height": 1536,
  "width": 1920
}