{
  "D": [
    0.016164936931125095,
    -0.006477002484188325,
    -0.0003887607820805157,
    -0.00014546005027306545
  ],
  "K": [
    567.6367114063164,
    567.8127706002921,
    946.576261980605,
    758.0196738926842
  ],
  "distortion_model": "fisheye",
  "frame_id": "fisheye_front",
  "height": 1536,
  "width": 1920
}