{
  "D": [
    0.01564203834623485,
    -0.006374230850552728,
    -0.0006099314191639034,
    -0.00008625395624405516
  ],
  "K": [
    561.651953294294,
    560.4855881612328,
    949.9964468658698,
    767.8465667298854
  ],
  "distortion_model": "equi",
  "frame_id": "fisheye_front",
  "height": 1536,
  "width": 1920
}