{
  "D": [
    0.016500167707312163,
    -0.0029744763660297466,
    -0.0039451110813185425,
    0.000701753631201428
  ],
  "K": [
    564.8549530088733,
    565.2996590757483,
    948.9528358751364,
    761.9110425797569
  ],
  "distortion_model": "fisheye",
  "frame_id": "fisheye_right",
  "height": 1536,
  "width": 1920
}