{
  "header": {
    "seq": null,
    "stamp": {
      "secs": null,
      "nsecs": null
    },
    "frame_id": "velodyne64"
  },
  "transform": {
    "rotation": {
      "x": 0.00153453011211478,
      "y": -0.001494771064122776,
      "z": -0.001549926438239068,
      "w": 0.9999965042963086
    },
    "translation": {
      "x": 2.661468,
      "y": -0.003918428,
      "z": -1.414859
    }
  },
  "child_frame_id": "qt128_front"
}