{
  "header": {
    "seq": null,
    "stamp": {
      "secs": null,
      "nsecs": null
    },
    "frame_id": "velodyne64"
  },
  "transform": {
    "rotation": {
      "x": 0.1224167107935599,
      "y": 0.1207183145198782,
      "z": -0.6949976360279226,
      "w": 0.6981543693006332
    },
    "translation": {
      "x": -0.02726246,
      "y": -0.6677974,
      "z": -0.1982187
    }
  },
  "child_frame_id": "qt128_right"
}