{"duration": 17.754493474960327, "input_args": {"N": "60"}, "time": 1698527289.2303362}