{
  "child_frame_id": "qt128_qt128_front",
  "header": {
    "frame_id": "velodyne64",
    "seq": 0,
    "stamp": {
      "nsecs": 0,
      "secs": 0
    }
  },
  "transform": {
    "rotation": {
      "w": 0.9999735297596213,
      "x": -0.003377555084239253,
      "y": 0.005864747449674532,
      "z": -0.0026714488743222117
    },
    "translation": {
      "x": 2.4953231604260826,
      "y": -0.017288143420332146,
      "z": -1.1251247116045109
    }
  }
}