{
  "child_frame_id": "qt128_qt128_left",
  "header": {
    "frame_id": "velodyne64",
    "seq": 0,
    "stamp": {
      "nsecs": 0,
      "secs": 0
    }
  },
  "transform": {
    "rotation": {
      "w": 0.6949790258670765,
      "x": -0.11665729396950389,
      "y": 0.1152120837886042,
      "z": 0.7000867125704142
    },
    "translation": {
      "x": -0.14243224837148258,
      "y": 0.7214213839076706,
      "z": -0.3374083899952048
    }
  }
}