{
  "child_frame_id": "qt128_qt128_right",
  "header": {
    "frame_id": "velodyne64",
    "seq": 0,
    "stamp": {
      "nsecs": 0,
      "secs": 0
    }
  },
  "transform": {
    "rotation": {
      "w": -0.697327376566775,
      "x": -0.11390086763447409,
      "y": -0.11329881145743552,
      "z": 0.6985159279250157
    },
    "translation": {
      "x": -0.1589386245654556,
      "y": -0.7183713151998148,
      "z": -0.33490634609542635
    }
  }
}