{
  "D": [
    2.6598,
    0.870417,
    -0.000015526,
    -9.61132e-6,
    0.0184503,
    3.07954,
    1.84638,
    0.168001
  ],
  "K": [
    1118.4,
    1118.05,
    955.647,
    634.84
  ],
  "distortion_model": "pinhole",
  "frame_id": "right_front",
  "height": 1280,
  "width": 1920
}