{"duration": 18.143126487731934, "input_args": {"N": "24"}, "time": 1698527271.3266537}