{
  "D": [
    0.018333440116099258,
    -0.007696075056047752,
    -0.000181962381492031,
    -0.00013128121112216003
  ],
  "K": [
    563.6176789514867,
    563.7437867171617,
    945.9597812624094,
    762.516199351374
  ],
  "distortion_model": "fisheye",
  "frame_id": "fisheye_right",
  "height": 1536,
  "width": 1920
}