{
  "child_frame_id": "qt128_qt128_right",
  "header": {
    "frame_id": "velodyne64",
    "seq": 0,
    "stamp": {
      "nsecs": 0,
      "secs": 0
    }
  },
  "transform": {
    "rotation": {
      "w": 0.7044160264027588,
      "x": 0.06162841671621936,
      "y": 0.06162841671621937,
      "z": -0.7044160264027587
    },
    "translation": {
      "x": -0.12,
      "y": -0.65,
      "z": -0.5
    }
  }
}