{
  "frame_id": "imu",
  "child_frame_id": "main_lidar",
  "transform": {
    "translation": {
      "x": 0.039123,
      "y": 1.183064,
      "z": 1.959395
    },
    "rotation": {
      "x": 0.004175,
      "y": 0.000196,
      "z": 0.704656,
      "w": 0.709537
    }
  }
}