{
  "D": [
    3.02794,
    -10.642,
    0.000500246,
    -0.000371034,
    -1.82565,
    3.45168,
    -9.56461,
    -6.23561
  ],
  "K": [
    1785.67,
    1785.51,
    959.748,
    644.915
  ],
  "distortion_model": "pinhole",
  "frame_id": "rear_main",
  "height": 1280,
  "width": 1920
}