{
  "frame_id": "imu",
  "child_frame_id": "main_lidar",
  "transform": {
    "translation": {
      "x": -0.04951713251025957,
      "y": 1.336497237745138,
      "z": 1.675230690245829
    },
    "rotation": {
      "x": 0.003734646681314712,
      "y": -0.001948964604059253,
      "z": 0.7066353360870372,
      "w": 0.7075653720641633
    }
  }
}