{
  "D": [
    2.4843,
    0.796692,
    0.0000143702,
    -0.0000165135,
    0.0167649,
    2.90317,
    1.69958,
    0.153363
  ],
  "K": [
    1116.55,
    1116.02,
    958.498,
    642.751
  ],
  "distortion_model": "pinhole",
  "frame_id": "camera_right_rear",
  "height": 1280,
  "width": 1920
}