{
  "frame_id": "imu",
  "child_frame_id": "main_lidar",
  "transform": {
    "translation": {
      "x": 0.04989575814334944,
      "y": 1.176004350229695,
      "z": 1.958955281679454
    },
    "rotation": {
      "x": 0.002957054828719365,
      "y": 0.002271029391176304,
      "z": 0.7032637021777991,
      "w": 0.7109193086781511
    }
  }
}