{
  "frame_id": "imu",
  "child_frame_id": "main_lidar",
  "transform": {
    "translation": {
      "x": -0.02480120335628587,
      "y": 1.236471690844186,
      "z": 1.636953465974948
    },
    "rotation": {
      "x": 0.009153876756203206,
      "y": 0.006919891507301443,
      "z": 0.7101017601530251,
      "w": 0.7040055481808614
    }
  }
}