{
  "D": [
    0.010123816553860977,
    0.004585807579546015,
    -0.008477072847090775,
    0.0018045983577144433
  ],
  "K": [
    568.9281989686701,
    568.9281989686701,
    960.5301513671875,
    767.9524536132812
  ],
  "distortion_model": "fisheye",
  "frame_id": "fisheye_right",
  "height": 1536,
  "width": 1920
}