{
  "frame_id": "imu",
  "child_frame_id": "main_lidar",
  "transform": {
    "translation": {
      "x": -0.006858510200532486,
      "y": 1.074798786077283,
      "z": 1.572982002241926
    },
    "rotation": {
      "x": -0.007801376989823762,
      "y": -0.006755061926092537,
      "z": 0.7129132246081483,
      "w": 0.7011763272061098
    }
  }
}