{
  "child_frame_id": "qt128_left",
  "header": {
    "frame_id": "velodyne64",
    "seq": 0,
    "stamp": {
      "nsecs": 0,
      "secs": 0
    }
  },
  "transform": {
    "rotation": {
      "w": 0.6968860601887318,
      "x": -0.11881571985160275,
      "y": 0.11665667913470178,
      "z": 0.6975843053309297
    },
    "translation": {
      "x": 0.006659293648456484,
      "y": 0.7180470244046441,
      "z": -0.23611344060206643
    }
  }
}