{
  "child_frame_id": "qt128_right",
  "header": {
    "frame_id": "velodyne64",
    "seq": 0,
    "stamp": {
      "nsecs": 0,
      "secs": 0
    }
  },
  "transform": {
    "rotation": {
      "w": -0.6898780319543439,
      "x": -0.12522656981688693,
      "y": -0.1117782020178002,
      "z": 0.7041961664141358
    },
    "translation": {
      "x": -0.01132204489337564,
      "y": -0.7180345442891279,
      "z": -0.2214336621626215
    }
  }
}