{
  "D": [
    0.97853,
    0.117854,
    0.0000534562,
    -0.0000392792,
    -0.00263241,
    1.39482,
    0.405641,
    0.00343875
  ],
  "K": [
    1115.35,
    1115.01,
    960.823,
    642.801
  ],
  "distortion_model": "pinhole",
  "frame_id": "left_front",
  "height": 1280,
  "width": 1920
}