{
  "child_frame_id": "qt128_left",
  "header": {
    "frame_id": "velodyne64",
    "seq": 0,
    "stamp": {
      "nsecs": 0,
      "secs": 0
    }
  },
  "transform": {
    "rotation": {
      "w": 0.6888461615858471,
      "x": -0.10170464077397008,
      "y": 0.11063773850947109,
      "z": 0.7091589543473259
    },
    "translation": {
      "x": -0.15591879223483182,
      "y": 0.7228223181771024,
      "z": -0.3543476100091758
    }
  }
}