{
  "child_frame_id": "qt128_rear",
  "header": {
    "frame_id": "velodyne64",
    "seq": 0,
    "stamp": {
      "nsecs": 0,
      "secs": 0
    }
  },
  "transform": {
    "rotation": {
      "w": -0.011033157202154972,
      "x": -0.02894247233911253,
      "y": 0.0020880480104020467,
      "z": 0.9995180052368035
    },
    "translation": {
      "x": -2.48142448679311,
      "y": -0.03910378600070144,
      "z": -1.2756056126201853
    }
  }
}