{
  "child_frame_id": "qt128_right",
  "header": {
    "frame_id": "velodyne64",
    "seq": 0,
    "stamp": {
      "nsecs": 0,
      "secs": 0
    }
  },
  "transform": {
    "rotation": {
      "w": 0.7065634622389657,
      "x": 0.0894180006511527,
      "y": 0.10442700783863647,
      "z": -0.6941667631213018
    },
    "translation": {
      "x": -0.14946233749873564,
      "y": -0.7245571058678688,
      "z": -0.34302783738949355
    }
  }
}