{
  "D": [
    1.58575,
    0.44098,
    0.0000341361,
    -6.17703e-6,
    0.0106676,
    2.00381,
    0.979179,
    0.0866851
  ],
  "K": [
    1115.65,
    1115.18,
    959.364,
    641.321
  ],
  "distortion_model": "pinhole",
  "frame_id": "right_front",
  "height": 1280,
  "width": 1920
}