{
  "D": [
    1.79378,
    0.483997,
    0.0000323517,
    7.84812e-6,
    0.00797212,
    2.21295,
    1.10422,
    0.0846926
  ],
  "K": [
    1117.25,
    1116.7,
    960.112,
    634.967
  ],
  "distortion_model": "pinhole",
  "frame_id": "right_front",
  "height": 1280,
  "width": 1920
}