{
  "child_frame_id": "qt128_qt128_left",
  "header": {
    "frame_id": "velodyne64",
    "seq": 0,
    "stamp": {
      "nsecs": 0,
      "secs": 0
    }
  },
  "transform": {
    "rotation": {
      "w": 0.6951132288246824,
      "x": -0.11652683673145733,
      "y": 0.11474189638306047,
      "z": 0.7000524213576468
    },
    "translation": {
      "x": -0.1382779286359329,
      "y": 0.725288529286275,
      "z": -0.34089610050918207
    }
  }
}