{
  "child_frame_id": "qt128_qt128_rear",
  "header": {
    "frame_id": "velodyne64",
    "seq": 0,
    "stamp": {
      "nsecs": 0,
      "secs": 0
    }
  },
  "transform": {
    "rotation": {
      "w": -0.005965233256559783,
      "x": -0.10233966036447613,
      "y": -0.006125585961702982,
      "z": 0.9947127661316629
    },
    "translation": {
      "x": -2.4856541600236217,
      "y": 0.019941631597929988,
      "z": -1.3169150622455796
    }
  }
}