{
  "child_frame_id": "qt128_qt128_right",
  "header": {
    "frame_id": "velodyne64",
    "seq": 0,
    "stamp": {
      "nsecs": 0,
      "secs": 0
    }
  },
  "transform": {
    "rotation": {
      "w": -0.6975541084096397,
      "x": -0.11370940875469311,
      "y": -0.11295383644821562,
      "z": 0.6983765939900338
    },
    "translation": {
      "x": -0.15867461428074633,
      "y": -0.7187429315728219,
      "z": -0.3372904648579605
    }
  }
}