{"duration": 25.614248275756836, "input_args": {"N": "66"}, "time": 1698532776.7952266}