{
  "child_frame_id": "qt128_qt128_front",
  "header": {
    "frame_id": "velodyne64",
    "seq": 0,
    "stamp": {
      "nsecs": 0,
      "secs": 0
    }
  },
  "transform": {
    "rotation": {
      "w": 0.9997255094797637,
      "x": -0.010703336109413241,
      "y": -0.017659145735380116,
      "z": 0.011067920466495079
    },
    "translation": {
      "x": 2.4741884568716475,
      "y": -0.009095925955680952,
      "z": -1.2212727999626773
    }
  }
}