{
  "child_frame_id": "qt128_qt128_left",
  "header": {
    "frame_id": "velodyne64",
    "seq": 0,
    "stamp": {
      "nsecs": 0,
      "secs": 0
    }
  },
  "transform": {
    "rotation": {
      "w": 0.6878967708866148,
      "x": -0.09744811141415526,
      "y": 0.11304846537879047,
      "z": 0.710297080566352
    },
    "translation": {
      "x": -0.15713939628140974,
      "y": 0.7169743389070617,
      "z": -0.37380149508883775
    }
  }
}