{
  "child_frame_id": "qt128_qt128_right",
  "header": {
    "frame_id": "velodyne64",
    "seq": 0,
    "stamp": {
      "nsecs": 0,
      "secs": 0
    }
  },
  "transform": {
    "rotation": {
      "w": 0.7077452880624728,
      "x": 0.08956814329707306,
      "y": 0.10028812309614357,
      "z": -0.6935534927440962
    },
    "translation": {
      "x": -0.14720718341572891,
      "y": -0.7201987067286632,
      "z": -0.3961457792101742
    }
  }
}