{
  "frame_id": "imu",
  "child_frame_id": "main_lidar",
  "transform": {
    "translation": {
      "x": -0.02021352561140526,
      "y": 1.049144467155305,
      "z": 1.581557635037952
    },
    "rotation": {
      "x": 0.008713878648410008,
      "y": 0.007344252663459134,
      "z": 0.7098498712621424,
      "w": 0.7042608114476027
    }
  }
}