{
  "frame_id": "imu",
  "child_frame_id": "main_lidar",
  "transform": {
    "translation": {
      "x": -0.02878963971987972,
      "y": 1.255087259216514,
      "z": 1.637832956345033
    },
    "rotation": {
      "x": 0.008578933807838716,
      "y": 0.006423826384849091,
      "z": 0.7095534708079292,
      "w": 0.7045700876518383
    }
  }
}