{
  "D": [
    4.30989,
    1.91425,
    0.0000151287,
    -1.94061e-6,
    0.0731714,
    4.72915,
    3.57214,
    0.470698
  ],
  "K": [
    1114.5,
    1114.17,
    961.316,
    642.985
  ],
  "distortion_model": "pinhole",
  "frame_id": "right_front",
  "height": 1280,
  "width": 1920
}