{
  "D": [
    0.020562776915082515,
    -0.006011012139794954,
    -0.001336415222693726,
    0.00006224951338764807
  ],
  "K": [
    568.7271729733648,
    568.5945005433838,
    966.2931660184619,
    752.005950862656
  ],
  "distortion_model": "equi",
  "frame_id": "fisheye_front",
  "height": 1536,
  "width": 1920
}