{
  "D": [
    0.315021161709652,
    -0.0901994962135308,
    -7.77559096405524e-6,
    -0.0000159445842291862,
    -0.00499855842311872,
    0.67672591324559,
    -0.0649407492374497,
    -0.0270327917047792
  ],
  "K": [
    1901.19814841304,
    1901.56893892438,
    1919.29326996988,
    1086.78430769817
  ],
  "distortion_model": "pinhole",
  "frame_id": "front_wide",
  "height": 2160,
  "width": 3840
}