{
  "D": [
    -0.03507405115436292,
    0.005027513117576503,
    -0.030478515090601996,
    0.012136578723852992
  ],
  "K": [
    1115.0778975891096,
    1116.2533170984073,
    969.583097179853,
    645.4190299895265
  ],
  "distortion_model": "equi",
  "frame_id": "left_rear",
  "height": 1280,
  "width": 1920
}