{
  "D": [
    1.2283704617863223,
    0.2114757944588373,
    0,
    0,
    0.0016691529308349626,
    1.591240694761426,
    0.5726683023042382,
    0.027088721332909425
  ],
  "K": [
    1107.2740677363108,
    1107.2740677363108,
    961.8016978686218,
    639.7638222981817
  ],
  "distortion_model": "pinhole",
  "frame_id": "left_rear",
  "height": 1280,
  "width": 1920
}