{
  "frame_id": "imu",
  "child_frame_id": "main_lidar",
  "transform": {
    "translation": {
      "x": -0.02670824370791883,
      "y": 1.156065948502283,
      "z": 1.95761482354369
    },
    "rotation": {
      "x": -0.005179988160567361,
      "y": -0.0009562598036232745,
      "z": 0.7083389939917415,
      "w": 0.7058527628908257
    }
  }
}