{
  "D": [
    0.327424566661408,
    -0.077692102583846,
    -0.0000711661639060857,
    0.0000121245086586501,
    -0.00448890805874787,
    0.68786888357737,
    -0.0463016286775915,
    -0.0240557386867741
  ],
  "K": [
    1908.03996418423,
    1908.56910899617,
    1924.21388894335,
    1076.10019274154
  ],
  "distortion_model": "pinhole",
  "frame_id": "front_wide",
  "height": 2160,
  "width": 3840
}