{
  "child_frame_id": "qt128_front",
  "header": {
    "frame_id": "velodyne64",
    "seq": 0,
    "stamp": {
      "nsecs": 0,
      "secs": 0
    }
  },
  "transform": {
    "rotation": {
      "w": 0.9808753541483228,
      "x": -0.002326357796572071,
      "y": 0.1946131914897405,
      "z": 0.0019579024445326703
    },
    "translation": {
      "x": 2.589972808493704,
      "y": 0.00948101739023461,
      "z": -1.0575339338519938
    }
  }
}