{
  "child_frame_id": "qt128_left",
  "header": {
    "frame_id": "velodyne64",
    "seq": 0,
    "stamp": {
      "nsecs": 0,
      "secs": 0
    }
  },
  "transform": {
    "rotation": {
      "w": 0.6903359428831688,
      "x": -0.11767315836166653,
      "y": 0.12908957961025627,
      "z": 0.7020863153493621
    },
    "translation": {
      "x": -0.0019316159761695445,
      "y": 0.716889899267867,
      "z": -0.22148928531822237
    }
  }
}