{
  "child_frame_id": "qt128_rear",
  "header": {
    "frame_id": "velodyne64",
    "seq": 0,
    "stamp": {
      "nsecs": 0,
      "secs": 0
    }
  },
  "transform": {
    "rotation": {
      "w": -0.005915613573154006,
      "x": -0.23335508897720242,
      "y": 0.0040356996227813345,
      "z": 0.9723652200140901
    },
    "translation": {
      "x": -2.236263356773974,
      "y": -0.016967203005645956,
      "z": -1.302889553330767
    }
  }
}