{
  "child_frame_id": "qt128_right",
  "header": {
    "frame_id": "velodyne64",
    "seq": 0,
    "stamp": {
      "nsecs": 0,
      "secs": 0
    }
  },
  "transform": {
    "rotation": {
      "w": 0.7034761169119024,
      "x": 0.12000269809073812,
      "y": 0.12254212564476612,
      "z": -0.6897130800760247
    },
    "translation": {
      "x": 0.004607894825085898,
      "y": -0.7180543265306183,
      "z": -0.20112148932416926
    }
  }
}