{
  "D": [
    0.71424473916929,
    -3.17800768293847,
    -0.000337865537433755,
    0.000222263120319638,
    -0.250063556878043,
    1.13273513702737,
    -3.03224250833419,
    -1.42223564458314
  ],
  "K": [
    1787.51464828477,
    1787.2865076192,
    963.068847971703,
    635.473836488604
  ],
  "distortion_model": "pinhole",
  "frame_id": "rear_main",
  "height": 1280,
  "width": 1920
}