{
  "D": [
    12.8668,
    -27.5598,
    0.0000622334,
    0.000103799,
    -5.51914,
    13.3017,
    -22.5059,
    -17.5834
  ],
  "K": [
    1787.18,
    1786.8,
    967.924,
    639.966
  ],
  "distortion_model": "pinhole",
  "frame_id": "rear_main",
  "height": 1280,
  "width": 1920
}