{
  "child_frame_id": "qt128_qt128_left",
  "header": {
    "frame_id": "velodyne64",
    "seq": 0,
    "stamp": {
      "nsecs": 0,
      "secs": 0
    }
  },
  "transform": {
    "rotation": {
      "w": 0.707421707404761,
      "x": -0.12744334125874035,
      "y": 0.08228348527012581,
      "z": 0.6903203247139272
    },
    "translation": {
      "x": -0.15,
      "y": 0.72,
      "z": -0.27
    }
  }
}