{
  "child_frame_id": "qt128_qt128_rear",
  "header": {
    "frame_id": "velodyne64",
    "seq": 0,
    "stamp": {
      "nsecs": 0,
      "secs": 0
    }
  },
  "transform": {
    "rotation": {
      "w": 6.117406033770388e-17,
      "x": -0.04361938736533599,
      "y": 2.6709171558863616e-18,
      "z": 0.9990482215818577
    },
    "translation": {
      "x": -2.6,
      "y": 0.0,
      "z": -1.3
    }
  }
}