{
  "child_frame_id": "qt128_qt128_right",
  "header": {
    "frame_id": "velodyne64",
    "seq": 0,
    "stamp": {
      "nsecs": 0,
      "secs": 0
    }
  },
  "transform": {
    "rotation": {
      "w": 0.7084114124237574,
      "x": 0.12062616013128427,
      "y": 0.12491204545210029,
      "z": -0.6841049489228471
    },
    "translation": {
      "x": -0.2,
      "y": -0.6,
      "z": -0.0
    }
  }
}