{
  "D": [
    -2.55716785313882,
    2.16731692845906,
    0.0000264864843611464,
    0.0000723863660087559,
    0.712839709582516,
    -2.14405144113913,
    1.01117015882043,
    1.8986263500714
  ],
  "K": [
    1787.39521928878,
    1787.24261808883,
    960.634348421379,
    635.564605417993
  ],
  "distortion_model": "pinhole",
  "frame_id": "rear_main",
  "height": 1280,
  "width": 1920
}