{
  "D": [
    5.59654,
    2.53776,
    0.0000781458,
    0.0000149623,
    0.0926662,
    6.01698,
    4.72296,
    0.615425
  ],
  "K": [
    1115,
    1114.69,
    960.017,
    641.306
  ],
  "distortion_model": "pinhole",
  "frame_id": "left_front",
  "height": 1280,
  "width": 1920
}