{
  "frame_id": "imu",
  "child_frame_id": "main_lidar",
  "transform": {
    "translation": {
      "x": -0.01946715152034174,
      "y": 1.276850033255234,
      "z": 1.63544083955065
    },
    "rotation": {
      "x": 0.008937963022587576,
      "y": 0.006733988904935368,
      "z": 0.7101208231819299,
      "w": 0.7039908967407558
    }
  }
}