{
  "D": [
    2.97131,
    1.17389,
    -0.0000188936,
    -0.0000335744,
    0.0403967,
    3.38999,
    2.28197,
    0.274197
  ],
  "K": [
    1115.42,
    1115.01,
    956.531,
    640.591
  ],
  "distortion_model": "pinhole",
  "frame_id": "right_rear",
  "height": 1280,
  "width": 1920
}