{
  "D": [
    0.018317391926817115,
    -0.007883585185429453,
    0.00014781515216376074,
    -0.00019897986002679152
  ],
  "K": [
    570.838989798187,
    570.7240144010182,
    954.8940773777455,
    762.2173279137636
  ],
  "distortion_model": "fisheye",
  "frame_id": "fisheye_rear",
  "height": 1536,
  "width": 1920
}