{
  "D": [
    0.015978767871897642,
    -0.0058643919397044905,
    -0.0009941855117261895,
    0.00004185908712552488
  ],
  "K": [
    568.807228835652,
    568.8649198467236,
    956.3111872925687,
    764.101861901465
  ],
  "distortion_model": "fisheye",
  "frame_id": "fisheye_rear",
  "height": 1536,
  "width": 1920
}