{
  "D": [
    0.009568384605639562,
    0.006227534797073403,
    -0.00927537092024963,
    0.001927609121925232
  ],
  "K": [
    566.2293811243678,
    566.2293811243678,
    961.0025634765625,
    771.6378173828125
  ],
  "distortion_model": "fisheye",
  "frame_id": "fisheye_front",
  "height": 1536,
  "width": 1920
}