{
  "D": [
    -0.504561,
    0.282688,
    0.00104385,
    0.000967597,
    -0.108534,
    0,
    0,
    0
  ],
  "K": [
    1948.87,
    1947.95,
    955.511,
    638.747
  ],
  "distortion_model": "pinhole",
  "frame_id": "camera_rear_main",
  "height": 1280,
  "width": 1920
}