{
  "D": [
    1.55625,
    0.209416,
    0.000216014,
    -0.0000677227,
    -0.0133131,
    1.9764,
    0.726702,
    -0.0155541
  ],
  "K": [
    1116.19,
    1115.87,
    961.427,
    641.287
  ],
  "distortion_model": "pinhole",
  "frame_id": "right_rear",
  "height": 1280,
  "width": 1920
}