{
  "D": [
    0.015104168285096291,
    -0.0061479351608860625,
    -0.0007320686648522558,
    -0.000058833291365005755
  ],
  "K": [
    572.1771051350621,
    572.238735944139,
    962.8454170064136,
    755.421433524873
  ],
  "distortion_model": "fisheye",
  "frame_id": "fisheye_left",
  "height": 1536,
  "width": 1920
}