{
  "D": [
    2.75702,
    1.00356,
    -0.0000274669,
    0.0000281526,
    0.0288064,
    3.1759,
    2.02061,
    0.217912
  ],
  "K": [
    1116.54,
    1116.13,
    959.42,
    640.736
  ],
  "distortion_model": "pinhole",
  "frame_id": "right_rear",
  "height": 1280,
  "width": 1920
}