{
  "D": [
    0.013110030949752867,
    -0.0034216528525323627,
    -0.001781918960860265,
    0.00009475420342939756
  ],
  "K": [
    566.7328303027161,
    567.5152869537119,
    957.7747814242617,
    762.7826413447601
  ],
  "distortion_model": "fisheye",
  "frame_id": "fisheye_left",
  "height": 1536,
  "width": 1920
}