{
  "D": [
    -0.025688974601599166,
    -0.024946354665274215,
    0.0,
    0.0
  ],
  "K": [
    1114.8315774226508,
    1114.8315774226508,
    960.7783624691106,
    602.4203825015728
  ],
  "distortion_model": "fisheye",
  "frame_id": "camera_left_front",
  "height": 1280,
  "width": 1920
}