{
  "frame_id": "camera_fisheye_rear",
  "height": 1536,
  "width": 1920,
  "distortion_model": "equidistant",
  "D": [
    0.13478491930123607,
    -0.03086948626833163,
    -0.0033075562817421324,
    0.0011954898529971164
  ],
  "K": [
    511.24865720378676,
    511.19718480854044,
    952.26263394458,
    761.9933340024422
  ]
}