{
  "child_frame_id": "qt128_qt128_left",
  "header": {
    "frame_id": "velodyne64",
    "seq": 0,
    "stamp": {
      "nsecs": 0,
      "secs": 0
    }
  },
  "transform": {
    "rotation": {
      "w": 0.6942969202851567,
      "x": -0.11536200072318593,
      "y": 0.11761160240257254,
      "z": 0.7005789793106767
    },
    "translation": {
      "x": -0.15004207189117935,
      "y": 0.732184619477833,
      "z": -0.32953585752745124
    }
  }
}