{
  "child_frame_id": "qt128_qt128_right",
  "header": {
    "frame_id": "velodyne64",
    "seq": 0,
    "stamp": {
      "nsecs": 0,
      "secs": 0
    }
  },
  "transform": {
    "rotation": {
      "w": -0.6974156442119309,
      "x": -0.11283418528984304,
      "y": -0.1150464641602691,
      "z": 0.6983152417946028
    },
    "translation": {
      "x": -0.15535008318669133,
      "y": -0.7287658066498097,
      "z": -0.32785771321102375
    }
  }
}