{
  "frame_id": "imu",
  "child_frame_id": "main_lidar",
  "transform": {
    "translation": {
      "x": -0.01312920966191279,
      "y": 1.517077115929423,
      "z": 1.446220894402115
    },
    "rotation": {
      "x": 0.01696563754224538,
      "y": 0.002711499726544949,
      "z": 0.7144854516201236,
      "w": 0.6994393142619353
    }
  }
}