{
  "frame_id": "imu",
  "child_frame_id": "main_lidar",
  "transform": {
    "translation": {
      "x": 0.03684782205351553,
      "y": 1.515080510565234,
      "z": 1.638195043425908
    },
    "rotation": {
      "x": 0.01181815019301924,
      "y": -0.003960553899277338,
      "z": 0.7161826797761021,
      "w": 0.6978015581292061
    }
  }
}