{
  "D": [
    1.97307703497631,
    0.921353143871112,
    -0.0000181266710621288,
    0.0000127511451616726,
    0.0483316890088136,
    2.33238472188775,
    1.55053537207662,
    0.238218582337603
  ],
  "K": [
    1905.25632476837,
    1905.25632476837,
    1920.7036410309,
    1082.61684435038
  ],
  "distortion_model": "pinhole",
  "frame_id": "front_main",
  "height": 2160,
  "width": 3840
}