{
  "D": [
    2.3869,
    0.899592,
    -9.46536e-6,
    0.0000102483,
    0.0316445,
    2.80475,
    1.76724,
    0.211081
  ],
  "K": [
    1118.93,
    1118.52,
    957.235,
    640.26
  ],
  "distortion_model": "pinhole",
  "frame_id": "left_front",
  "height": 1280,
  "width": 1920
}