{
  "D": [
    1.214510583849587,
    0.1733871699053503,
    0,
    0,
    -0.0012486786165976204,
    1.5776823306231318,
    0.5282654423107285,
    0.013273528310558544
  ],
  "K": [
    1117.2290018222016,
    1117.2290018222016,
    964.1917269142566,
    643.1603027412737
  ],
  "distortion_model": "pinhole",
  "frame_id": "right_front",
  "height": 1280,
  "width": 1920
}