{
  "frame_id": "imu",
  "child_frame_id": "main_lidar",
  "transform": {
    "translation": {
      "x": -0.004220787202309007,
      "y": 1.54111511136674,
      "z": 1.337739379683343
    },
    "rotation": {
      "x": 0.009864282982502047,
      "y": -0.003391065042343985,
      "z": 0.7138837463958426,
      "w": 0.7001865417379541
    }
  }
}