{
  "child_frame_id": "qt128_qt128_rear",
  "header": {
    "frame_id": "velodyne64",
    "seq": 0,
    "stamp": {
      "nsecs": 0,
      "secs": 0
    }
  },
  "transform": {
    "rotation": {
      "w": -0.0032005356861675837,
      "x": -0.1314433785849746,
      "y": 0.003079771363170991,
      "z": 0.991313729253176
    },
    "translation": {
      "x": -2.514063469069457,
      "y": 0.032640964122729044,
      "z": -1.3359776200549232
    }
  }
}