{
  "D": [
    -0.2970504514457117,
    1.204072828835809,
    0.007988531703545776,
    -0.0016589555447967291,
    -6.341269075103814
  ],
  "K": [
    7556.781421011619,
    7612.244192756809,
    1289.2073657351425,
    478.4677694887771
  ],
  "distortion_model": "radtan",
  "frame_id": "front_main",
  "height": 2160,
  "width": 3840
}