{
  "D": [
    21.1043887987876,
    1370.55603555807,
    -0.00118135296382293,
    -0.000304003398353348,
    -913.60421082802,
    21.3296070708616,
    1374.07433812401,
    -480.89694719961
  ],
  "K": [
    7311.28821451249,
    7311.28821451249,
    1918.37952176401,
    1078.73342113233
  ],
  "distortion_model": "pinhole",
  "frame_id": "camera_front_main",
  "height": 2160,
  "width": 3840
}