{
  "D": [
    0.01964254650588328,
    -0.008833391235613271,
    0.00028155476627602863,
    -0.0001755511207502217
  ],
  "K": [
    565.4119055206694,
    565.6367468468011,
    958.3993535330309,
    761.2436191787846
  ],
  "distortion_model": "fisheye",
  "frame_id": "fisheye_front",
  "height": 1536,
  "width": 1920
}