{
  "D": [
    0.015666863652879903,
    -0.0049132351397719164,
    -0.0009242934493426229,
    -0.000050013580127686866
  ],
  "K": [
    569.2601298021301,
    569.7665251441438,
    948.7019973412221,
    756.7704789861187
  ],
  "distortion_model": "fisheye",
  "frame_id": "fisheye_rear",
  "height": 1536,
  "width": 1920
}