{"duration": 335.340295791626, "input_args": {"N": "700"}, "time": 1698531807.6704168}