{"duration": 61.558032274246216, "input_args": {"N": "200"}, "time": 1698532838.6607347}