{
  "header": {
    "stamp": {
      "secs": 0,
      "nsecs": 0
    },
    "seq": 0,
    "frame_id": "velodyne64",
    "child_frame_id": "qt128_rear"
  },
  "transform": {
    "rotation": {
      "x": 0.003550873937173726,
      "y": -0.00008229095862967435,
      "z": 0.9999888471736261,
      "w": -0.0031128846497485217
    },
    "translation": {
      "x": -2.43976259,
      "y": 0.0355512127,
      "z": -1.22136903
    }
  }
}