{
  "frame_id": "imu",
  "child_frame_id": "main_lidar",
  "transform": {
    "translation": {
      "x": -0.02397339138017369,
      "y": 1.17468427954811,
      "z": 1.957767447059715
    },
    "rotation": {
      "x": -0.007428917193795176,
      "y": -0.001791704208354394,
      "z": 0.7088021258860109,
      "w": 0.705365966945407
    }
  }
}