{
  "child_frame_id": "qt128_qt128_front",
  "header": {
    "frame_id": "velodyne64",
    "seq": 0,
    "stamp": {
      "nsecs": 0,
      "secs": 0
    }
  },
  "transform": {
    "rotation": {
      "w": 0.9987200911349949,
      "x": -0.02475258851429159,
      "y": 0.04217317312550659,
      "z": -0.012919457948212644
    },
    "translation": {
      "x": 2.2922935947972056,
      "y": -0.04183887795438355,
      "z": -1.0284208325231121
    }
  }
}