{
  "child_frame_id": "qt128_qt128_left",
  "header": {
    "frame_id": "velodyne64",
    "seq": 0,
    "stamp": {
      "nsecs": 0,
      "secs": 0
    }
  },
  "transform": {
    "rotation": {
      "w": 0.7079641764023655,
      "x": -0.035316461485329104,
      "y": 0.06767996174590955,
      "z": 0.7021103155894721
    },
    "translation": {
      "x": -0.3984859437322922,
      "y": 0.6435466460096865,
      "z": -0.19958643205468896
    }
  }
}