{
  "D": [
    -0.025829314777532253,
    -0.02528362552915135,
    0.0,
    0.0
  ],
  "K": [
    1111.808668199756,
    1111.808668199756,
    960.4848174027945,
    605.5212888848077
  ],
  "distortion_model": "fisheye",
  "frame_id": "camera_rear_main",
  "height": 1280,
  "width": 1920
}