{
  "D": [
    -0.504125394,
    0.280884549,
    0.0,
    0.0,
    -0.100767094
  ],
  "K": [
    1941.81844,
    1941.81844,
    961.186835,
    639.729872
  ],
  "distortion_model": "pinhole",
  "frame_id": "rear_main",
  "height": 1280,
  "width": 1920
}