{
  "child_frame_id": "qt128_qt128_front",
  "header": {
    "frame_id": "velodyne64",
    "seq": 0,
    "stamp": {
      "nsecs": 0,
      "secs": 0
    }
  },
  "transform": {
    "rotation": {
      "w": 0.9998066934192407,
      "x": 0.00029570108817891214,
      "y": -0.019656769239745193,
      "z": -0.00031587656827090276
    },
    "translation": {
      "x": 2.667122527659237,
      "y": 0.0113217101176124,
      "z": -1.2824461495793829
    }
  }
}