{
  "child_frame_id": "qt128_qt128_right",
  "header": {
    "frame_id": "velodyne64",
    "seq": 0,
    "stamp": {
      "nsecs": 0,
      "secs": 0
    }
  },
  "transform": {
    "rotation": {
      "w": 0.7015944355140088,
      "x": 0.13734117795540643,
      "y": 0.10706853849859163,
      "z": -0.6909695919194826
    },
    "translation": {
      "x": 0.0031186688115595112,
      "y": -0.6032192282185129,
      "z": -0.17477211552699715
    }
  }
}