{
  "child_frame_id": "qt128_front",
  "header": {
    "frame_id": "velodyne64",
    "seq": 0,
    "stamp": {
      "nsecs": 0,
      "secs": 0
    }
  },
  "transform": {
    "rotation": {
      "w": 0.9794103162074254,
      "x": -0.0006761038643348297,
      "y": 0.20176784979291804,
      "z": -0.006686567129563036
    },
    "translation": {
      "x": 2.550624522817442,
      "y": -0.029943379671449485,
      "z": -1.0240922678776523
    }
  }
}