{
  "child_frame_id": "qt128_left",
  "header": {
    "frame_id": "velodyne64",
    "seq": 0,
    "stamp": {
      "nsecs": 0,
      "secs": 0
    }
  },
  "transform": {
    "rotation": {
      "w": 0.6924022000104648,
      "x": -0.15408927972137226,
      "y": 0.15649026624518783,
      "z": 0.6872746786155643
    },
    "translation": {
      "x": 0.009465357982525811,
      "y": 0.7175209583982392,
      "z": -0.17744248447048705
    }
  }
}