{
  "child_frame_id": "qt128_rear",
  "header": {
    "frame_id": "velodyne64",
    "seq": 0,
    "stamp": {
      "nsecs": 0,
      "secs": 0
    }
  },
  "transform": {
    "rotation": {
      "w": 0.007564970315877078,
      "x": -0.15489617518234283,
      "y": -0.002050461977267926,
      "z": 0.9878996617793129
    },
    "translation": {
      "x": -2.2386338132047765,
      "y": 0.02904801132312482,
      "z": -1.336645212646219
    }
  }
}