{
  "child_frame_id": "qt128_left",
  "header": {
    "frame_id": "velodyne64",
    "seq": 0,
    "stamp": {
      "nsecs": 0,
      "secs": 0
    }
  },
  "transform": {
    "rotation": {
      "w": 0.6931716496229997,
      "x": -0.13498417586829592,
      "y": 0.11338930740166514,
      "z": 0.6988813929352083
    },
    "translation": {
      "x": -0.0016273239636441848,
      "y": 0.6127134877803938,
      "z": -0.14691247635788102
    }
  }
}