{
  "child_frame_id": "qt128_rear",
  "header": {
    "frame_id": "velodyne64",
    "seq": 0,
    "stamp": {
      "nsecs": 0,
      "secs": 0
    }
  },
  "transform": {
    "rotation": {
      "w": 0.007296004937605821,
      "x": -0.013082459306524118,
      "y": -0.0005758527812896281,
      "z": 0.99988763666925
    },
    "translation": {
      "x": -2.2825713097486418,
      "y": 0.02464517566997454,
      "z": -1.4999438364067625
    }
  }
}