{
  "child_frame_id": "qt128_front",
  "header": {
    "frame_id": "velodyne64",
    "seq": 0,
    "stamp": {
      "nsecs": 0,
      "secs": 0
    }
  },
  "transform": {
    "rotation": {
      "w": 0.9899679855737905,
      "x": -0.006959052598988566,
      "y": 0.14096909256855825,
      "z": 0.00653253903877586
    },
    "translation": {
      "x": 2.5101232959245108,
      "y": -0.005367045184433635,
      "z": -1.1715406447448662
    }
  }
}