{
  "child_frame_id": "qt128_left",
  "header": {
    "frame_id": "velodyne64",
    "seq": 0,
    "stamp": {
      "nsecs": 0,
      "secs": 0
    }
  },
  "transform": {
    "rotation": {
      "w": 0.6956733278468379,
      "x": -0.11576309154683204,
      "y": 0.10851417555968129,
      "z": 0.700615587366302
    },
    "translation": {
      "x": -0.14759681563980956,
      "y": 0.7220074233019033,
      "z": -0.3704953905224472
    }
  }
}