{
  "child_frame_id": "qt128_rear",
  "header": {
    "frame_id": "velodyne64",
    "seq": 0,
    "stamp": {
      "nsecs": 0,
      "secs": 0
    }
  },
  "transform": {
    "rotation": {
      "w": -0.00935635736996058,
      "x": -0.14043073769787567,
      "y": 0.007362139676622371,
      "z": 0.9900189217311849
    },
    "translation": {
      "x": -2.4794046011641604,
      "y": -0.006709175930491138,
      "z": -1.3532029428805163
    }
  }
}