{
  "child_frame_id": "qt128_right",
  "header": {
    "frame_id": "velodyne64",
    "seq": 0,
    "stamp": {
      "nsecs": 0,
      "secs": 0
    }
  },
  "transform": {
    "rotation": {
      "w": -0.6970682829386992,
      "x": -0.09687413621223798,
      "y": -0.09397037879919334,
      "z": 0.7041880278465139
    },
    "translation": {
      "x": -0.1553946606578679,
      "y": -0.7087091672903213,
      "z": -0.3471424709201613
    }
  }
}