{
  "child_frame_id": "qt128_front",
  "header": {
    "frame_id": "velodyne64",
    "seq": 0,
    "stamp": {
      "nsecs": 0,
      "secs": 0
    }
  },
  "transform": {
    "rotation": {
      "w": 0.9987489843993748,
      "x": -0.02197877003387698,
      "y": 0.04280595344261892,
      "z": -0.013603314996125507
    },
    "translation": {
      "x": 2.29365506555953,
      "y": -0.04378416661671318,
      "z": -1.0343721357983857
    }
  }
}