{
  "child_frame_id": "qt128_left",
  "header": {
    "frame_id": "velodyne64",
    "seq": 0,
    "stamp": {
      "nsecs": 0,
      "secs": 0
    }
  },
  "transform": {
    "rotation": {
      "w": 0.7082613584687454,
      "x": -0.04048646394354001,
      "y": 0.06870263889774497,
      "z": 0.7014318511058945
    },
    "translation": {
      "x": -0.3796763305194175,
      "y": 0.6279043060020022,
      "z": -0.17314690920905318
    }
  }
}