{
  "child_frame_id": "qt128_rear",
  "header": {
    "frame_id": "velodyne64",
    "seq": 0,
    "stamp": {
      "nsecs": 0,
      "secs": 0
    }
  },
  "transform": {
    "rotation": {
      "w": 0.008916872613342602,
      "x": -0.07442890952113149,
      "y": 0.011590832104580997,
      "z": 0.9971190898891746
    },
    "translation": {
      "x": -2.722676648492361,
      "y": 0.04905662817770049,
      "z": -1.149299987208505
    }
  }
}