{"duration": 40.31431293487549, "input_args": {"N": "2"}, "time": 1701389641.1767118}