{
  "child_frame_id": "left_lidar",
  "header": {
    "frame_id": "main_lidar",
    "seq": 0,
    "stamp": {
      "secs": 0,
      "nsecs": 0
    }
  },
  "transform": {
    "rotation": {
      "x": -0.1482954456279485,
      "y": 0.15253770171807612,
      "z": 0.6936834388652812,
      "w": 0.6881453313106273
    },
    "translation": {
      "x": 0.005286328369366933,
      "y": 0.7157915106341686,
      "z": -0.1822086527597111
    }
  },
  "error": {
    "rms_error": 0.027884326401561545
  }
}