{
  "child_frame_id": "right_lidar",
  "header": {
    "frame_id": "main_lidar",
    "seq": 0,
    "stamp": {
      "secs": 0,
      "nsecs": 0
    }
  },
  "transform": {
    "rotation": {
      "x": 0.15112152257511605,
      "y": 0.15143511338689838,
      "z": -0.689716858968673,
      "w": 0.6917516507406857
    },
    "translation": {
      "x": -0.004531675927129606,
      "y": -0.7192369085271564,
      "z": -0.19274942687262572
    }
  },
  "error": {
    "rms_error": 0.028173276229778162
  }
}