{
  "D": [
    0.021129998735241587,
    -0.00769049785518459,
    0.000049747291505158563,
    -0.0002759549182855071
  ],
  "K": [
    566.1428348838277,
    565.8592554308761,
    961.8242173050019,
    744.3206014604829
  ],
  "distortion_model": "equi",
  "frame_id": "fisheye_front",
  "height": 1536,
  "width": 1920
}