{
  "D": [
    2.21864,
    0.701002,
    0.000020163,
    -0.0000338864,
    0.0158504,
    2.63743,
    1.49634,
    0.137759
  ],
  "K": [
    1119.23,
    1118.78,
    958.25,
    636.673
  ],
  "distortion_model": "pinhole",
  "frame_id": "right_rear",
  "height": 1280,
  "width": 1920
}