{
  "frame_id": "imu",
  "child_frame_id": "main_lidar",
  "transform": {
    "translation": {
      "x": -0.00237617100848822,
      "y": 1.520456067674674,
      "z": 1.423158500591115
    },
    "rotation": {
      "x": 0.01869066630039512,
      "y": 0.004471812340184038,
      "z": 0.7128602565062466,
      "w": 0.701042735203418
    }
  }
}