{
  "D": [
    0.01717732958087713,
    -0.007159208770851761,
    -0.0006556158761246779,
    -0.000013348593226332613
  ],
  "K": [
    568.2936819020392,
    568.4880554031596,
    956.2917435999321,
    765.8902010909586
  ],
  "distortion_model": "fisheye",
  "frame_id": "fisheye_front",
  "height": 1536,
  "width": 1920
}