{
  "frame_id": "imu",
  "child_frame_id": "main_lidar",
  "transform": {
    "translation": {
      "x": 0.01205116072446458,
      "y": 1.1421871304776,
      "z": 1.958171895781665
    },
    "rotation": {
      "x": 0.001330815028434676,
      "y": 0.003285652475126136,
      "z": 0.7055664356312524,
      "w": 0.7086349118761951
    }
  }
}