{
  "child_frame_id": "qt128_qt128_front",
  "header": {
    "frame_id": "velodyne64",
    "seq": 0,
    "stamp": {
      "nsecs": 0,
      "secs": 0
    }
  },
  "transform": {
    "rotation": {
      "w": 0.998687720938653,
      "x": -0.024508003598974468,
      "y": 0.04328848337722344,
      "z": -0.01217789032844078
    },
    "translation": {
      "x": 2.281834471338583,
      "y": -0.029013161029263074,
      "z": -1.0271259869247003
    }
  }
}