{
  "child_frame_id": "qt128_qt128_left",
  "header": {
    "frame_id": "velodyne64",
    "seq": 0,
    "stamp": {
      "nsecs": 0,
      "secs": 0
    }
  },
  "transform": {
    "rotation": {
      "w": 0.7085328411004898,
      "x": -0.03731673593874437,
      "y": 0.06826299877189607,
      "z": 0.7013763877545454
    },
    "translation": {
      "x": -0.3901130673286265,
      "y": 0.632642526446951,
      "z": -0.1901793095311655
    }
  }
}