{
  "child_frame_id": "qt128_qt128_rear",
  "header": {
    "frame_id": "velodyne64",
    "seq": 0,
    "stamp": {
      "nsecs": 0,
      "secs": 0
    }
  },
  "transform": {
    "rotation": {
      "w": 0.00988582338207243,
      "x": -0.08117908401259022,
      "y": 0.010099462486861716,
      "z": 0.9965993315632976
    },
    "translation": {
      "x": -2.720840229142035,
      "y": 0.05125143868411632,
      "z": -1.1387437056163379
    }
  }
}