{
  "frame_id": "imu",
  "child_frame_id": "main_lidar",
  "transform": {
    "translation": {
      "x": 0.02114303286996369,
      "y": 1.0455156547891,
      "z": 1.580401901831307
    },
    "rotation": {
      "x": 0.008359784262522225,
      "y": 0.008003193197367316,
      "z": 0.7096803791941513,
      "w": 0.7044287205193833
    }
  }
}