{"duration": 25.704392671585083, "input_args": {"N": "16"}, "time": 1698532724.4710195}