{
  "frame_id": "imu",
  "child_frame_id": "main_lidar",
  "transform": {
    "translation": {
      "x": 0.002783394231798436,
      "y": 1.152913414418073,
      "z": 1.577018565993844
    },
    "rotation": {
      "x": 0.006133292276701992,
      "y": 0.01208072752422394,
      "z": 0.7127521760997875,
      "w": 0.7012850876878473
    }
  }
}