{
  "D": [
    3.19067,
    1.26173,
    0.0000209606,
    -0.0000525534,
    0.0415351,
    3.61001,
    2.45847,
    0.29009
  ],
  "K": [
    1115.57,
    1115.1,
    958.985,
    642.675
  ],
  "distortion_model": "pinhole",
  "frame_id": "left_rear",
  "height": 1280,
  "width": 1920
}