{
  "child_frame_id": "qt128_qt128_front",
  "header": {
    "frame_id": "velodyne64",
    "seq": 0,
    "stamp": {
      "nsecs": 0,
      "secs": 0
    }
  },
  "transform": {
    "rotation": {
      "w": 0.9999457628617432,
      "x": -0.004612888434610266,
      "y": 0.009007210635268556,
      "z": -0.002462265564112267
    },
    "translation": {
      "x": 2.482421806775852,
      "y": -0.0123146260563882,
      "z": -1.1284595486582036
    }
  }
}