{
  "child_frame_id": "qt128_qt128_left",
  "header": {
    "frame_id": "velodyne64",
    "seq": 0,
    "stamp": {
      "nsecs": 0,
      "secs": 0
    }
  },
  "transform": {
    "rotation": {
      "w": 0.6942020270627214,
      "x": -0.11562827297531765,
      "y": 0.11779404271916652,
      "z": 0.7005984667486997
    },
    "translation": {
      "x": -0.1483503174201915,
      "y": 0.7262041185938398,
      "z": -0.3247662569383416
    }
  }
}