{
  "child_frame_id": "qt128_qt128_rear",
  "header": {
    "frame_id": "velodyne64",
    "seq": 0,
    "stamp": {
      "nsecs": 0,
      "secs": 0
    }
  },
  "transform": {
    "rotation": {
      "w": -0.0034648433909207996,
      "x": -0.09365638924850067,
      "y": -0.005181773620132578,
      "z": 0.9955850665992131
    },
    "translation": {
      "x": -2.478560546657085,
      "y": 0.004596601992014859,
      "z": -1.300794293997203
    }
  }
}