{
  "header": {
    "seq": null,
    "stamp": {
      "secs": null,
      "nsecs": null
    },
    "frame_id": "velodyne64"
  },
  "transform": {
    "rotation": {
      "w": 0.0005106660410235907,
      "x": 0.0028654778995732886,
      "y": 0.0010460641519742166,
      "z": 0.9999952169917572
    },
    "translation": {
      "x": -2.3959741260457474,
      "y": 0.012224254949002656,
      "z": -1.184135236956449
    }
  },
  "child_frame_id": "qt128_rear"
}