{
  "header": {
    "seq": null,
    "stamp": {
      "secs": null,
      "nsecs": null
    },
    "frame_id": "velodyne64"
  },
  "transform": {
    "rotation": {
      "w": 0.7032967009152018,
      "x": 0.10151186923545903,
      "y": 0.09963645500938106,
      "z": -0.6965211179277192
    },
    "translation": {
      "x": -0.13395492657484115,
      "y": -0.6601588304927233,
      "z": -0.2679384144751093
    }
  },
  "child_frame_id": "qt128_right"
}