{
  "child_frame_id": "qt128_qt128_left",
  "header": {
    "frame_id": "velodyne64",
    "seq": 0,
    "stamp": {
      "nsecs": 0,
      "secs": 0
    }
  },
  "transform": {
    "rotation": {
      "w": 0.6890405158332249,
      "x": -0.10024269420274244,
      "y": 0.11259207083364665,
      "z": 0.7088706478509672
    },
    "translation": {
      "x": -0.1574430633837555,
      "y": 0.7182250465379849,
      "z": -0.34878015242285393
    }
  }
}