{
  "child_frame_id": "qt128_qt128_rear",
  "header": {
    "frame_id": "velodyne64",
    "seq": 0,
    "stamp": {
      "nsecs": 0,
      "secs": 0
    }
  },
  "transform": {
    "rotation": {
      "w": -0.0007280290732866952,
      "x": -0.06167819398232836,
      "y": 0.002500142883510949,
      "z": 0.9980926909091704
    },
    "translation": {
      "x": -2.4846567517179032,
      "y": -0.03280115085037302,
      "z": -1.2067979506051905
    }
  }
}