{
  "frame_id": "imu",
  "child_frame_id": "main_lidar",
  "transform": {
    "translation": {
      "x": 0.00922427641285347,
      "y": 1.221992058276031,
      "z": 1.7361685529556
    },
    "rotation": {
      "x": 0.006857747796047732,
      "y": 0.008361630801019806,
      "z": 0.7038790686697226,
      "w": 0.710237503314319
    }
  }
}