{
  "D": [
    0.017559853304821568,
    -0.00795763799087462,
    0.00006802027370545137,
    -0.0001807507951373767
  ],
  "K": [
    566.2622282846802,
    566.279201711836,
    955.4509519235583,
    764.6290351341534
  ],
  "distortion_model": "fisheye",
  "frame_id": "fisheye_left",
  "height": 1536,
  "width": 1920
}