{
  "D": [
    0.86029767282133,
    0.134309433870613,
    -0.000110845114720141,
    -0.0000503795683396346,
    0.00250902133468278,
    1.22280823944945,
    0.353525149661095,
    0.0185719298181608
  ],
  "K": [
    1908.12526091441,
    1908.12526091441,
    1918.21092782413,
    1074.9722191489
  ],
  "distortion_model": "pinhole",
  "frame_id": "front_wide",
  "height": 2160,
  "width": 3840
}