{
  "frame_id": "imu",
  "child_frame_id": "main_lidar",
  "transform": {
    "translation": {
      "x": 0.01397251970638592,
      "y": 1.172337311655109,
      "z": 1.958316112704292
    },
    "rotation": {
      "x": 0.002030769768741657,
      "y": 0.003071617738542678,
      "z": 0.7055604595964419,
      "w": 0.7086401618541474
    }
  }
}