{
  "child_frame_id": "qt128_qt128_left",
  "header": {
    "frame_id": "velodyne64",
    "seq": 0,
    "stamp": {
      "nsecs": 0,
      "secs": 0
    }
  },
  "transform": {
    "rotation": {
      "w": 0.7074601355122573,
      "x": -0.012748501245406035,
      "y": 0.010240181347374505,
      "z": 0.7065640601268558
    },
    "translation": {
      "x": -0.19146810492148325,
      "y": 0.6514560009029372,
      "z": -0.3730776351563262
    }
  }
}