{
  "frame_id": "imu",
  "child_frame_id": "main_lidar",
  "transform": {
    "translation": {
      "x": 0.02546085755740979,
      "y": 1.348024016369447,
      "z": 1.594821770471542
    },
    "rotation": {
      "x": 0.01416075489142434,
      "y": 0.01584687262942396,
      "z": 0.7072423764469007,
      "w": 0.7066516614333489
    }
  }
}