{
  "frame_id": "imu",
  "child_frame_id": "main_lidar",
  "transform": {
    "translation": {
      "x": 0.01616262660876186,
      "y": 1.028969987953845,
      "z": 1.564239378033149
    },
    "rotation": {
      "x": 0.011499009652805,
      "y": 0.0062677215461956,
      "z": 0.7048872284101013,
      "w": 0.7091984797417079
    }
  }
}