{
  "D": [
    0.015427356185544196,
    -0.005080841418018367,
    -0.0013650469699536308,
    0.00006779335194305939
  ],
  "K": [
    568.8125901750351,
    569.0588395580573,
    953.0781196076883,
    766.6814429093604
  ],
  "distortion_model": "fisheye",
  "frame_id": "fisheye_front",
  "height": 1536,
  "width": 1920
}