{
  "child_frame_id": "qt128_qt128_left",
  "header": {
    "frame_id": "velodyne64",
    "seq": 0,
    "stamp": {
      "nsecs": 0,
      "secs": 0
    }
  },
  "transform": {
    "rotation": {
      "w": 0.6931181949541312,
      "x": -0.11545192240932628,
      "y": 0.11526445317502322,
      "z": 0.7021197385558824
    },
    "translation": {
      "x": -0.12724925741152646,
      "y": 0.7510433444399248,
      "z": -0.345142564594123
    }
  }
}