{
  "child_frame_id": "qt128_qt128_rear",
  "header": {
    "frame_id": "velodyne64",
    "seq": 0,
    "stamp": {
      "nsecs": 0,
      "secs": 0
    }
  },
  "transform": {
    "rotation": {
      "w": 0.00013197574424224595,
      "x": -0.0021248315123408687,
      "y": 0.0024903654237669612,
      "z": 0.9999946328623485
    },
    "translation": {
      "x": -2.342172433464991,
      "y": -0.020123589820522682,
      "z": -1.4450889867087418
    }
  }
}