{
  "child_frame_id": "qt128_qt128_right",
  "header": {
    "frame_id": "velodyne64",
    "seq": 0,
    "stamp": {
      "nsecs": 0,
      "secs": 0
    }
  },
  "transform": {
    "rotation": {
      "w": 0.7032077404814617,
      "x": 0.11512173108782298,
      "y": 0.1098323467063646,
      "z": -0.6929521746666742
    },
    "translation": {
      "x": -0.11543406528983895,
      "y": -0.75640191726369,
      "z": -0.337412696813594
    }
  }
}