{
  "child_frame_id": "qt128_qt128_front",
  "header": {
    "frame_id": "velodyne64",
    "seq": 0,
    "stamp": {
      "nsecs": 0,
      "secs": 0
    }
  },
  "transform": {
    "rotation": {
      "w": 0.9987675975659189,
      "x": -0.015234394235903982,
      "y": 0.04627760134036441,
      "z": -0.00946482429050164
    },
    "translation": {
      "x": 2.31142790199597,
      "y": -0.04716118923566398,
      "z": -1.0367301204065156
    }
  }
}