{
  "child_frame_id": "qt128_qt128_right",
  "header": {
    "frame_id": "velodyne64",
    "seq": 0,
    "stamp": {
      "nsecs": 0,
      "secs": 0
    }
  },
  "transform": {
    "rotation": {
      "w": 0.7105020586083745,
      "x": 0.0240596654146152,
      "y": 0.046760637434317014,
      "z": -0.7017274399652155
    },
    "translation": {
      "x": -0.40317367874232535,
      "y": -0.6227503348554863,
      "z": -0.18802680640632255
    }
  }
}