{
  "D": [
    0.023698785177829387,
    -0.009937874504927887,
    0.001231173298356963,
    -0.0004632812539912577
  ],
  "K": [
    566.6501624655698,
    566.7432817459878,
    966.1541836487572,
    749.4794087005665
  ],
  "distortion_model": "equi",
  "frame_id": "fisheye_front",
  "height": 1536,
  "width": 1920
}