{
  "D": [
    0.01568443624820627,
    -0.006112609423016866,
    -0.0008075331152740705,
    -0.000022218131573303986
  ],
  "K": [
    567.5111922599637,
    567.482100474661,
    944.9934568886789,
    761.3571782428049
  ],
  "distortion_model": "fisheye",
  "frame_id": "fisheye_rear",
  "height": 1536,
  "width": 1920
}