{
  "child_frame_id": "qt128_left",
  "header": {
    "frame_id": "velodyne64",
    "seq": 0,
    "stamp": {
      "nsecs": 0,
      "secs": 0
    }
  },
  "transform": {
    "rotation": {
      "w": 0.6880608938206955,
      "x": -0.15150318236574736,
      "y": 0.1543442198142457,
      "z": 0.692673699470139
    },
    "translation": {
      "x": 0.00447012887622778,
      "y": 0.7137175045065357,
      "z": -0.18477227269108876
    }
  }
}