{
  "child_frame_id": "left_lidar",
  "header": {
    "frame_id": "main_lidar",
    "seq": 0,
    "stamp": {
      "secs": 0,
      "nsecs": 0
    }
  },
  "transform": {
    "rotation": {
      "x": -0.11569250547728617,
      "y": 0.12465659261670581,
      "z": 0.7017633330396599,
      "w": 0.6918122595723845
    },
    "translation": {
      "x": -0.0016177790347077275,
      "y": 0.7198578842920147,
      "z": -0.23401046293625413
    }
  },
  "error": {
    "rms_error": 0.028338919385900007
  }
}