{
  "child_frame_id": "right_lidar",
  "header": {
    "frame_id": "main_lidar",
    "seq": 0,
    "stamp": {
      "secs": 0,
      "nsecs": 0
    }
  },
  "transform": {
    "rotation": {
      "x": 0.11902926959225653,
      "y": 0.12147496306265183,
      "z": -0.6908123567671164,
      "w": 0.7027475749279565
    },
    "translation": {
      "x": 0.0037346677129557163,
      "y": -0.7218814792349392,
      "z": -0.21570475515597984
    }
  },
  "error": {
    "rms_error": 0.029612788059878936
  }
}