{
  "D": [
    3.40237,
    1.37489,
    0.0000397376,
    -0.0000239038,
    0.0461494,
    3.82172,
    2.66007,
    0.319421
  ],
  "K": [
    1117.74,
    1117.25,
    959.588,
    640.774
  ],
  "distortion_model": "pinhole",
  "frame_id": "left_rear",
  "height": 1280,
  "width": 1920
}