{
  "child_frame_id": "qt128_qt128_rear",
  "header": {
    "frame_id": "velodyne64",
    "seq": 0,
    "stamp": {
      "nsecs": 0,
      "secs": 0
    }
  },
  "transform": {
    "rotation": {
      "w": 0.00820472389909081,
      "x": -0.08086854604542473,
      "y": 0.011391968170192336,
      "z": 0.9966258996370945
    },
    "translation": {
      "x": -2.720756947414902,
      "y": 0.04929794509143765,
      "z": -1.1511931458661588
    }
  }
}