{
  "child_frame_id": "qt128_qt128_right",
  "header": {
    "frame_id": "velodyne64",
    "seq": 0,
    "stamp": {
      "nsecs": 0,
      "secs": 0
    }
  },
  "transform": {
    "rotation": {
      "w": 0.7104710813347,
      "x": 0.023614803298635856,
      "y": 0.04655700335351658,
      "z": -0.7017874529307356
    },
    "translation": {
      "x": -0.39859177740532437,
      "y": -0.6311113207198551,
      "z": -0.18844206962297744
    }
  }
}