{
  "frame_id": "imu",
  "child_frame_id": "main_lidar",
  "transform": {
    "translation": {
      "x": -0.003287065905826725,
      "y": 1.045621815096271,
      "z": 1.568811298961576
    },
    "rotation": {
      "x": 0.01130564150445284,
      "y": 0.006769762144143944,
      "z": 0.7052533320059957,
      "w": 0.7088329073097026
    }
  }
}