{
  "frame_id": "imu",
  "child_frame_id": "main_lidar",
  "transform": {
    "translation": {
      "x": -0.01832139232947672,
      "y": 1.172301603409192,
      "z": 1.737375452737333
    },
    "rotation": {
      "x": 0.006536099529094491,
      "y": 0.008273105726406306,
      "z": 0.7044614001371318,
      "w": 0.7096639844612502
    }
  }
}