{
  "frame_id": "imu",
  "child_frame_id": "main_lidar",
  "transform": {
    "translation": {
      "x": -0.00370754408194149,
      "y": 1.496806203646861,
      "z": 1.334616085220854
    },
    "rotation": {
      "x": 0.01108482191976372,
      "y": -0.003058461940223786,
      "z": 0.7091414118404006,
      "w": 0.7049725033975232
    }
  }
}