{
  "child_frame_id": "qt128_qt128_right",
  "header": {
    "frame_id": "velodyne64",
    "seq": 0,
    "stamp": {
      "nsecs": 0,
      "secs": 0
    }
  },
  "transform": {
    "rotation": {
      "w": 0.6981060917733405,
      "x": 0.118243604105166,
      "y": 0.10884293752316138,
      "z": -0.6977245514302204
    },
    "translation": {
      "x": -0.16716347442861115,
      "y": -0.7245959550364979,
      "z": -0.3541850653791748
    }
  }
}