{
  "child_frame_id": "qt128_left",
  "header": {
    "frame_id": "velodyne64",
    "seq": 0,
    "stamp": {
      "nsecs": 0,
      "secs": 0
    }
  },
  "transform": {
    "rotation": {
      "w": 0.6967802668174534,
      "x": -0.11836384267432297,
      "y": 0.1175890799185518,
      "z": 0.6976102556621964
    },
    "translation": {
      "x": 0.0068425769003163436,
      "y": 0.711483748118785,
      "z": -0.2446310180705989
    }
  }
}