{
  "child_frame_id": "qt128_qt128_rear",
  "header": {
    "frame_id": "velodyne64",
    "seq": 0,
    "stamp": {
      "nsecs": 0,
      "secs": 0
    }
  },
  "transform": {
    "rotation": {
      "w": 0.007075386657751683,
      "x": -0.08008674257438335,
      "y": 0.01279793291686311,
      "z": 0.996680623610454
    },
    "translation": {
      "x": -2.7324477099307907,
      "y": 0.03374454168905029,
      "z": -1.151332259263262
    }
  }
}