{
  "frame_id": "imu",
  "child_frame_id": "main_lidar",
  "transform": {
    "translation": {
      "x": -0.008142566114583999,
      "y": 1.506574315101557,
      "z": 1.447755754271583
    },
    "rotation": {
      "x": 0.01649386668386481,
      "y": 0.003223964965123966,
      "z": 0.7139036917376638,
      "w": 0.7000421968246296
    }
  }
}