{
  "frame_id": "imu",
  "child_frame_id": "main_lidar",
  "transform": {
    "translation": {
      "x": -0.0006244710213860472,
      "y": 1.125464926147105,
      "z": 1.957435539883019
    },
    "rotation": {
      "x": -0.006492057318779372,
      "y": -0.002034862628506307,
      "z": 0.7095139847086097,
      "w": 0.7046585116414645
    }
  }
}