{
  "D": [
    0.017445437778240744,
    -0.007346099235979464,
    -0.00044387019712262705,
    -0.000050211529705374654
  ],
  "K": [
    566.2267141874663,
    566.7378244392718,
    964.9330506926659,
    753.991999158639
  ],
  "distortion_model": "fisheye",
  "frame_id": "fisheye_front",
  "height": 1536,
  "width": 1920
}