{
  "child_frame_id": "qt128_qt128_left",
  "header": {
    "frame_id": "velodyne64",
    "seq": 0,
    "stamp": {
      "nsecs": 0,
      "secs": 0
    }
  },
  "transform": {
    "rotation": {
      "w": 0.6952913902812912,
      "x": -0.11666379131223714,
      "y": 0.11418285665982023,
      "z": 0.699944081796801
    },
    "translation": {
      "x": -0.13993390987620646,
      "y": 0.7249638627922877,
      "z": -0.34394973086656083
    }
  }
}