{
  "child_frame_id": "qt128_qt128_rear",
  "header": {
    "frame_id": "velodyne64",
    "seq": 0,
    "stamp": {
      "nsecs": 0,
      "secs": 0
    }
  },
  "transform": {
    "rotation": {
      "w": -0.004324128390457812,
      "x": -0.14449656636817118,
      "y": -0.005072390310786058,
      "z": 0.9894828523415686
    },
    "translation": {
      "x": -2.4832014410103045,
      "y": 0.009501310864137988,
      "z": -1.32744658971496
    }
  }
}