{
  "child_frame_id": "qt128_qt128_right",
  "header": {
    "frame_id": "velodyne64",
    "seq": 0,
    "stamp": {
      "nsecs": 0,
      "secs": 0
    }
  },
  "transform": {
    "rotation": {
      "w": -0.6973729611622044,
      "x": -0.11431662859249421,
      "y": -0.11237295837190457,
      "z": 0.6985520594013381
    },
    "translation": {
      "x": -0.15993950484506056,
      "y": -0.7217098996231888,
      "z": -0.33879835831864336
    }
  }
}