{
  "D": [
    3.77329,
    1.58286,
    0.0000252338,
    0.0000136242,
    0.0552387,
    4.19299,
    3.02081,
    0.374676
  ],
  "K": [
    1118.61,
    1118.08,
    958.874,
    638.995
  ],
  "distortion_model": "pinhole",
  "frame_id": "right_front",
  "height": 1280,
  "width": 1920
}