{
  "frame_id": "imu",
  "child_frame_id": "main_lidar",
  "transform": {
    "translation": {
      "x": 0.02999579788446817,
      "y": 1.574677651246871,
      "z": 1.3381646596377
    },
    "rotation": {
      "x": 0.01100445573089623,
      "y": -0.005494531416131938,
      "z": 0.7144444676148692,
      "w": 0.6995840298156397
    }
  }
}