{
  "D": [
    -0.02520512837914536,
    -0.025237510864915113,
    0.0,
    0.0
  ],
  "K": [
    1113.24004157915,
    1113.24004157915,
    960.8972893526814,
    600.506446107682
  ],
  "distortion_model": "fisheye",
  "frame_id": "camera_right_rear",
  "height": 1280,
  "width": 1920
}