{
  "D": [
    -0.025475320108181595,
    -0.02533681768361985,
    0.0,
    0.0
  ],
  "K": [
    1113.8616904926905,
    1113.8616904926905,
    959.3850384494667,
    596.6393703425163
  ],
  "distortion_model": "fisheye",
  "frame_id": "camera_right_front",
  "height": 1280,
  "width": 1920
}