{
  "frame_id": "imu",
  "child_frame_id": "main_lidar",
  "transform": {
    "translation": {
      "x": -0.01393120446655171,
      "y": 1.352698953992644,
      "z": 1.687050125776033
    },
    "rotation": {
      "x": 0.005476078477342621,
      "y": 0.0004979193176797778,
      "z": 0.7086462929748801,
      "w": 0.7055424835499442
    }
  }
}