{
  "frame_id": "imu",
  "child_frame_id": "main_lidar",
  "transform": {
    "translation": {
      "x": 0.02223597434611969,
      "y": 1.084539685374812,
      "z": 1.577793189972214
    },
    "rotation": {
      "x": 0.006378581520824458,
      "y": 0.01165679408886205,
      "z": 0.7126754615807674,
      "w": 0.7013680341375649
    }
  }
}