{"duration": 2.2003097534179688, "input_args": {"l": "-1"}, "time": 1697470285.1989672}