{
  "D": [
    5.07732557438405,
    -12.7418509582359,
    -0.000365309535695569,
    -0.000169116084143728,
    -113.021101885547,
    5.27003805825947,
    -9.55513440094068,
    -126.664152901738
  ],
  "K": [
    7332.73165922591,
    7329.88657415548,
    1938.66601342433,
    1088.49275453309
  ],
  "distortion_model": "pinhole",
  "frame_id": "front_main",
  "height": 2160,
  "width": 3840
}