{
  "child_frame_id": "qt128_qt128_rear",
  "header": {
    "frame_id": "velodyne64",
    "seq": 0,
    "stamp": {
      "nsecs": 0,
      "secs": 0
    }
  },
  "transform": {
    "rotation": {
      "w": -0.007524280120389066,
      "x": -0.026974907134608973,
      "y": 0.002527553754495212,
      "z": 0.9996045973612603
    },
    "translation": {
      "x": -2.4801843273899844,
      "y": -0.038346264084222814,
      "z": -1.27068852303268
    }
  }
}