{
  "frame_id": "imu",
  "child_frame_id": "main_lidar",
  "transform": {
    "translation": {
      "x": 0.03344076140877979,
      "y": 1.167114501088018,
      "z": 1.635514711922428
    },
    "rotation": {
      "x": 0.001843469862716283,
      "y": 0.002832058623659588,
      "z": 0.7062645244926399,
      "w": 0.7079399709763552
    }
  }
}