{
  "frame_id": "imu",
  "child_frame_id": "main_lidar",
  "transform": {
    "translation": {
      "x": 0.02473771970903904,
      "y": 1.544962402218218,
      "z": 1.336984207871524
    },
    "rotation": {
      "x": 0.01061673922767722,
      "y": 0.000666063497537423,
      "z": 0.7153310068259098,
      "w": 0.6987047959482025
    }
  }
}