{"duration": 0.0543670654296875, "input_args": {"N": "1"}, "time": 1701376156.5579474}