{
  "child_frame_id": "qt128_qt128_front",
  "header": {
    "frame_id": "velodyne64",
    "seq": 0,
    "stamp": {
      "nsecs": 0,
      "secs": 0
    }
  },
  "transform": {
    "rotation": {
      "w": 0.9998869758572398,
      "x": -0.0035035564570542695,
      "y": 0.014536772923886953,
      "z": -0.00156295750904383
    },
    "translation": {
      "x": 2.6287058134417394,
      "y": 0.009729119879894705,
      "z": -1.3800185497858743
    }
  }
}