{
  "child_frame_id": "qt128_qt128_left",
  "header": {
    "frame_id": "velodyne64",
    "seq": 0,
    "stamp": {
      "nsecs": 0,
      "secs": 0
    }
  },
  "transform": {
    "rotation": {
      "w": 0.692917103429354,
      "x": -0.11532412574004491,
      "y": 0.11585130823359543,
      "z": 0.7022426277134797
    },
    "translation": {
      "x": -0.12869012666706323,
      "y": 0.7526083664457538,
      "z": -0.34162304293860135
    }
  }
}