{
  "child_frame_id": "qt128_rear",
  "header": {
    "frame_id": "velodyne64",
    "seq": 0,
    "stamp": {
      "nsecs": 0,
      "secs": 0
    }
  },
  "transform": {
    "rotation": {
      "w": -0.00008925979577669166,
      "x": -0.14742877468501245,
      "y": -0.00524141286145047,
      "z": 0.9890587828935045
    },
    "translation": {
      "x": -2.2328143271016634,
      "y": 0.009259803208979372,
      "z": -1.3063334912309186
    }
  }
}