{
  "child_frame_id": "qt128_left",
  "header": {
    "frame_id": "velodyne64",
    "seq": 0,
    "stamp": {
      "nsecs": 0,
      "secs": 0
    }
  },
  "transform": {
    "rotation": {
      "w": 0.6904203037500525,
      "x": -0.11671069168039169,
      "y": 0.1283125898733597,
      "z": 0.7023064131112295
    },
    "translation": {
      "x": -0.0030959347236966554,
      "y": 0.7199959889427374,
      "z": -0.21621265164225428
    }
  }
}