{
  "child_frame_id": "qt128_rear",
  "header": {
    "frame_id": "velodyne64",
    "seq": 0,
    "stamp": {
      "nsecs": 0,
      "secs": 0
    }
  },
  "transform": {
    "rotation": {
      "w": -0.006268735142734918,
      "x": -0.23316300047634628,
      "y": 0.003625088483906679,
      "z": 0.9724107038191535
    },
    "translation": {
      "x": -2.2390717633541817,
      "y": -0.01795703340578818,
      "z": -1.2942962934738822
    }
  }
}