{
  "child_frame_id": "qt128_front",
  "header": {
    "frame_id": "velodyne64",
    "seq": 0,
    "stamp": {
      "nsecs": 0,
      "secs": 0
    }
  },
  "transform": {
    "rotation": {
      "w": 0.9934675310822516,
      "x": 0.00225959802637682,
      "y": 0.11402848784478743,
      "z": -0.0038292116585052307
    },
    "translation": {
      "x": 2.610954488826669,
      "y": -0.02647248046569204,
      "z": -1.3983159259695386
    }
  }
}