{
  "child_frame_id": "qt128_rear",
  "header": {
    "frame_id": "velodyne64",
    "seq": 0,
    "stamp": {
      "nsecs": 0,
      "secs": 0
    }
  },
  "transform": {
    "rotation": {
      "w": -0.004913768645238629,
      "x": -0.14871207682454057,
      "y": -0.0009647535739833518,
      "z": 0.9888678588844793
    },
    "translation": {
      "x": -2.225344938692042,
      "y": 0.023170937680524535,
      "z": -1.448000802528808
    }
  }
}