{
  "D": [
    0.0186426470374107,
    -0.008284089459122746,
    0.000596741773333707,
    -0.00030710641202933645
  ],
  "K": [
    565.3162971006456,
    565.5158540909337,
    944.9360247685898,
    760.210020992753
  ],
  "distortion_model": "fisheye",
  "frame_id": "fisheye_rear",
  "height": 1536,
  "width": 1920
}