{
  "child_frame_id": "qt128_qt128_front",
  "header": {
    "frame_id": "velodyne64",
    "seq": 0,
    "stamp": {
      "nsecs": 0,
      "secs": 0
    }
  },
  "transform": {
    "rotation": {
      "w": 0.9999709948532481,
      "x": -0.003890802189691922,
      "y": 0.0061960943897938865,
      "z": -0.0021164887995102567
    },
    "translation": {
      "x": 2.5022927810888693,
      "y": -0.02464071930420554,
      "z": -1.1228739155587297
    }
  }
}