{
  "child_frame_id": "qt128_qt128_rear",
  "header": {
    "frame_id": "velodyne64",
    "seq": 0,
    "stamp": {
      "nsecs": 0,
      "secs": 0
    }
  },
  "transform": {
    "rotation": {
      "w": -0.0007332329458404438,
      "x": -0.05054805899534466,
      "y": 0.002853986988105931,
      "z": 0.9987172827479867
    },
    "translation": {
      "x": -2.491885760908976,
      "y": -0.03989900087938017,
      "z": -1.2682082491891093
    }
  }
}