{
  "child_frame_id": "qt128_qt128_right",
  "header": {
    "frame_id": "velodyne64",
    "seq": 0,
    "stamp": {
      "nsecs": 0,
      "secs": 0
    }
  },
  "transform": {
    "rotation": {
      "w": 0.7070889942743485,
      "x": 0.08744136627282798,
      "y": 0.10326498441604987,
      "z": -0.6940572776320298
    },
    "translation": {
      "x": -0.13742716439439023,
      "y": -0.7308303073464744,
      "z": -0.3323989620529105
    }
  }
}