{
  "D": [
    0.016290749873649178,
    -0.006060498079013736,
    -0.0004232604437668254,
    -0.00015836601740486852
  ],
  "K": [
    569.3843195414086,
    569.9354842600527,
    947.6353912939804,
    762.9115819885706
  ],
  "distortion_model": "fisheye",
  "frame_id": "fisheye_front",
  "height": 1536,
  "width": 1920
}