{
  "D": [
    2.94124604614046,
    1.4824707275037,
    0.0000151057511034521,
    -0.000129888244954593,
    0.0763220122458903,
    3.30086972591479,
    2.46207015203979,
    0.381214768078301
  ],
  "K": [
    1904.2095278094,
    1904.2095278094,
    1921.47326391005,
    1079.73244309216
  ],
  "distortion_model": "pinhole",
  "frame_id": "front_wide",
  "height": 2160,
  "width": 3840
}