{
  "D": [
    0.020447248862945168,
    -0.009817342495968074,
    0.0013504620498776478,
    -0.00045859196685871906
  ],
  "K": [
    567.959978085597,
    568.806022639618,
    948.0656566971038,
    756.832023999292
  ],
  "distortion_model": "fisheye",
  "frame_id": "fisheye_rear",
  "height": 1536,
  "width": 1920
}