{
  "frame_id": "imu",
  "child_frame_id": "main_lidar",
  "transform": {
    "translation": {
      "x": -0.01238398083415503,
      "y": 1.310858780907156,
      "z": 1.675607739482599
    },
    "rotation": {
      "x": 0.003443349184143621,
      "y": -0.0001768376409007524,
      "z": 0.705589313244347,
      "w": 0.7086126114529825
    }
  }
}