{
  "frame_id": "imu",
  "child_frame_id": "main_lidar",
  "transform": {
    "translation": {
      "x": 0.04837808335054805,
      "y": 1.197430776811965,
      "z": 1.958777402433973
    },
    "rotation": {
      "x": 0.0001225260504574197,
      "y": 0.0038844919664691,
      "z": 0.7071116797605154,
      "w": 0.7070912020777741
    }
  }
}