{
  "D": [
    -0.0016013905936506677,
    0.09832256859572766,
    0.0,
    0.0
  ],
  "K": [
    7392.918142615743,
    7392.918142615743,
    1924.0626174542256,
    1063.4498157311714
  ],
  "distortion_model": "fisheye",
  "frame_id": "camera_front_main",
  "height": 2160,
  "width": 3840
}