{
  "child_frame_id": "qt128_left",
  "header": {
    "frame_id": "velodyne64",
    "seq": 0,
    "stamp": {
      "nsecs": 0,
      "secs": 0
    }
  },
  "transform": {
    "rotation": {
      "w": 0.6956175646121173,
      "x": -0.1168657706561781,
      "y": 0.10911360609836053,
      "z": 0.7003947575590899
    },
    "translation": {
      "x": -0.14941032439429056,
      "y": 0.7225028052095983,
      "z": -0.37665728543494803
    }
  }
}