{
  "child_frame_id": "qt128_rear",
  "header": {
    "frame_id": "velodyne64",
    "seq": 0,
    "stamp": {
      "nsecs": 0,
      "secs": 0
    }
  },
  "transform": {
    "rotation": {
      "w": -0.009344386361643626,
      "x": -0.14055430865484034,
      "y": 0.007496575543380318,
      "z": 0.990000489958064
    },
    "translation": {
      "x": -2.4841875325396545,
      "y": -0.005417273111018669,
      "z": -1.35205533271379
    }
  }
}