{
  "child_frame_id": "qt128_right",
  "header": {
    "frame_id": "velodyne64",
    "seq": 0,
    "stamp": {
      "nsecs": 0,
      "secs": 0
    }
  },
  "transform": {
    "rotation": {
      "w": -0.697197297673961,
      "x": -0.09728666160158318,
      "y": -0.09399246832826359,
      "z": 0.704000461284015
    },
    "translation": {
      "x": -0.1556656537890516,
      "y": -0.7133090978063007,
      "z": -0.34363968263170763
    }
  }
}