{
  "child_frame_id": "qt128_left",
  "header": {
    "frame_id": "velodyne64",
    "seq": 0,
    "stamp": {
      "nsecs": 0,
      "secs": 0
    }
  },
  "transform": {
    "rotation": {
      "w": 0.6918929880840715,
      "x": -0.15440815052557716,
      "y": 0.156449525935744,
      "z": 0.6877250627437149
    },
    "translation": {
      "x": 0.011017237365691367,
      "y": 0.7251851328755403,
      "z": -0.1805789174804284
    }
  }
}