{
  "child_frame_id": "qt128_rear",
  "header": {
    "frame_id": "velodyne64",
    "seq": 0,
    "stamp": {
      "nsecs": 0,
      "secs": 0
    }
  },
  "transform": {
    "rotation": {
      "w": 0.007758285034632137,
      "x": -0.15526071447605092,
      "y": -0.001960563659071598,
      "z": 0.9878411186743778
    },
    "translation": {
      "x": -2.2361254439780756,
      "y": 0.029961693462752556,
      "z": -1.3379731612059615
    }
  }
}