{
  "child_frame_id": "qt128_right",
  "header": {
    "frame_id": "velodyne64",
    "seq": 0,
    "stamp": {
      "nsecs": 0,
      "secs": 0
    }
  },
  "transform": {
    "rotation": {
      "w": -0.689176381210917,
      "x": -0.16046107178716237,
      "y": -0.15311823346761494,
      "z": 0.6898137187688406
    },
    "translation": {
      "x": -0.005611065849873618,
      "y": -0.7198932344165404,
      "z": -0.1812342341045045
    }
  }
}