{
  "D": [
    3.77852,
    -12.4487,
    -0.0000743263,
    -0.00038382,
    -2.06529,
    4.20453,
    -11.0823,
    -7.22172
  ],
  "K": [
    1781.13,
    1780.98,
    957.815,
    643.77
  ],
  "distortion_model": "pinhole",
  "frame_id": "rear_main",
  "height": 1280,
  "width": 1920
}