{
  "D": [
    -0.0252134176889632,
    -0.0250828181138933,
    0,
    0
  ],
  "K": [
    1112.9532574195327,
    1112.9532574195327,
    962.9968621298649,
    603.7408544372875
  ],
  "distortion_model": "fisheye",
  "frame_id": "right_front",
  "height": 1280,
  "width": 1920
}