{
  "D": [
    1.47665,
    0.280255,
    0.0000469041,
    7.96199e-6,
    -0.00343198,
    1.89536,
    0.769918,
    0.0240253
  ],
  "K": [
    1119.73,
    1119.25,
    958.397,
    643.356
  ],
  "distortion_model": "pinhole",
  "frame_id": "camera_right_front",
  "height": 1280,
  "width": 1920
}