{
  "child_frame_id": "qt128_qt128_front",
  "header": {
    "frame_id": "velodyne64",
    "seq": 0,
    "stamp": {
      "nsecs": 0,
      "secs": 0
    }
  },
  "transform": {
    "rotation": {
      "w": 0.9997397798787523,
      "x": -0.011198860276784928,
      "y": -0.016843713077180467,
      "z": 0.01054738765089971
    },
    "translation": {
      "x": 2.4666754095413945,
      "y": 0.019994346928116382,
      "z": -1.2121449345833655
    }
  }
}