{
  "child_frame_id": "qt128_qt128_left",
  "header": {
    "frame_id": "velodyne64",
    "seq": 0,
    "stamp": {
      "nsecs": 0,
      "secs": 0
    }
  },
  "transform": {
    "rotation": {
      "w": 0.687786829253797,
      "x": -0.10032450747860845,
      "y": 0.11277916274581792,
      "z": 0.7100458655287947
    },
    "translation": {
      "x": -0.15690916819036962,
      "y": 0.7213354514343487,
      "z": -0.34809026824449607
    }
  }
}