{
  "child_frame_id": "qt128_qt128_rear",
  "header": {
    "frame_id": "velodyne64",
    "seq": 0,
    "stamp": {
      "nsecs": 0,
      "secs": 0
    }
  },
  "transform": {
    "rotation": {
      "w": -0.0024288202528798077,
      "x": -0.049798867298581996,
      "y": 0.0027930473375198314,
      "z": 0.998752408024395
    },
    "translation": {
      "x": -2.4948323721158383,
      "y": -0.04022659429443603,
      "z": -1.2664588664997611
    }
  }
}