{
  "frame_id": "imu",
  "child_frame_id": "main_lidar",
  "transform": {
    "translation": {
      "x": -0.03986474784614881,
      "y": 1.350350389824663,
      "z": 1.664181919795344
    },
    "rotation": {
      "x": 0.02024840830921917,
      "y": -0.001144220301081832,
      "z": 0.703435120063617,
      "w": 0.710470072967138
    }
  }
}