{
  "child_frame_id": "qt128_qt128_front",
  "header": {
    "frame_id": "velodyne64",
    "seq": 0,
    "stamp": {
      "nsecs": 0,
      "secs": 0
    }
  },
  "transform": {
    "rotation": {
      "w": 0.9986253683167227,
      "x": -0.016000935475595404,
      "y": 0.04847634423156237,
      "z": -0.011890663065568187
    },
    "translation": {
      "x": 2.304280895168683,
      "y": -0.045932679122539476,
      "z": -1.0226912926233176
    }
  }
}