{
  "child_frame_id": "qt128_qt128_left",
  "header": {
    "frame_id": "velodyne64",
    "seq": 0,
    "stamp": {
      "nsecs": 0,
      "secs": 0
    }
  },
  "transform": {
    "rotation": {
      "w": 0.708708380760887,
      "x": -0.03929370684358255,
      "y": 0.06573046456795092,
      "z": 0.7013329748909954
    },
    "translation": {
      "x": -0.3531908860042816,
      "y": 0.6272013812635497,
      "z": -0.20864578140043152
    }
  }
}