{
  "child_frame_id": "qt128_qt128_rear",
  "header": {
    "frame_id": "velodyne64",
    "seq": 0,
    "stamp": {
      "nsecs": 0,
      "secs": 0
    }
  },
  "transform": {
    "rotation": {
      "w": 0.00709732786369731,
      "x": -0.08030653522029674,
      "y": 0.01119886223601464,
      "z": 0.9966820324570546
    },
    "translation": {
      "x": -2.7209083040352806,
      "y": 0.049288887279647385,
      "z": -1.1550967505114045
    }
  }
}