{
  "child_frame_id": "qt128_qt128_right",
  "header": {
    "frame_id": "velodyne64",
    "seq": 0,
    "stamp": {
      "nsecs": 0,
      "secs": 0
    }
  },
  "transform": {
    "rotation": {
      "w": -0.7056768102431664,
      "x": -0.0225127504896422,
      "y": -0.04882475474974711,
      "z": 0.7064910182543357
    },
    "translation": {
      "x": -0.398505802433624,
      "y": -0.6158421112491915,
      "z": -0.18777183501715705
    }
  }
}