{
  "child_frame_id": "qt128_front",
  "header": {
    "frame_id": "velodyne64",
    "seq": 0,
    "stamp": {
      "nsecs": 0,
      "secs": 0
    }
  },
  "transform": {
    "rotation": {
      "w": 0.9997065517665461,
      "x": -0.002721497862292228,
      "y": 0.02404893276284135,
      "z": -0.0010259811869599224
    },
    "translation": {
      "x": 2.604809838555269,
      "y": 0.014553057027911273,
      "z": -1.439079947742681
    }
  }
}