{
  "child_frame_id": "qt128_left",
  "header": {
    "frame_id": "velodyne64",
    "seq": 0,
    "stamp": {
      "nsecs": 0,
      "secs": 0
    }
  },
  "transform": {
    "rotation": {
      "w": 0.6915349734539694,
      "x": -0.10773762309785746,
      "y": 0.12186630412211874,
      "z": 0.7037901597627357
    },
    "translation": {
      "x": -0.1328950454302754,
      "y": 0.7526025527124718,
      "z": -0.3276288587347814
    }
  }
}