{
  "child_frame_id": "qt128_rear",
  "header": {
    "frame_id": "velodyne64",
    "seq": 0,
    "stamp": {
      "nsecs": 0,
      "secs": 0
    }
  },
  "transform": {
    "rotation": {
      "w": -0.0008284811921676752,
      "x": 0.008722244607640732,
      "y": 0.0017777789186481081,
      "z": 0.9999600369864963
    },
    "translation": {
      "x": -2.36944439960514,
      "y": -0.015505698546871779,
      "z": -1.3555735852558533
    }
  }
}