{
  "child_frame_id": "qt128_right",
  "header": {
    "frame_id": "velodyne64",
    "seq": 0,
    "stamp": {
      "nsecs": 0,
      "secs": 0
    }
  },
  "transform": {
    "rotation": {
      "w": 0.7023507331007716,
      "x": 0.10834204218029671,
      "y": 0.11794368560865418,
      "z": -0.6935810959318733
    },
    "translation": {
      "x": -0.1269015828799193,
      "y": -0.7519872776173337,
      "z": -0.3238145568147008
    }
  }
}