{
  "D": [
    -0.025105519332017344,
    -0.025369798006900524,
    0.0,
    0.0
  ],
  "K": [
    1113.8667403614406,
    1113.8667403614406,
    960.9151286465676,
    601.7437635396399
  ],
  "distortion_model": "fisheye",
  "frame_id": "camera_rear_main",
  "height": 1280,
  "width": 1920
}