{
  "D": [
    -0.5040559546632916,
    0.2809381179993023,
    0.0,
    0.0,
    -0.1007882764588119
  ],
  "K": [
    1946.3057651015536,
    1946.3057651015536,
    960.3864181073991,
    640.5714613245489
  ],
  "distortion_model": "fisheye",
  "frame_id": "camera_rear_main",
  "height": 1280,
  "width": 1920
}