{
  "D": [
    0.015814678790774007,
    -0.0050860800150335965,
    -0.001230761340384603,
    0.000029185956190592294
  ],
  "K": [
    570.4518050134291,
    570.4121963067694,
    969.7294618745732,
    750.3876568094511
  ],
  "distortion_model": "fisheye",
  "frame_id": "fisheye_right",
  "height": 1536,
  "width": 1920
}