{
  "child_frame_id": "qt128_front",
  "header": {
    "frame_id": "velodyne64",
    "seq": 0,
    "stamp": {
      "nsecs": 0,
      "secs": 0
    }
  },
  "transform": {
    "rotation": {
      "w": 0.9890298479897561,
      "x": -0.006773802824905196,
      "y": 0.14739321662731356,
      "z": 0.007022469145759807
    },
    "translation": {
      "x": 2.496059632518673,
      "y": -0.00517014321920344,
      "z": -1.2023685777044086
    }
  }
}