{
  "child_frame_id": "qt128_left",
  "header": {
    "frame_id": "velodyne64",
    "seq": 0,
    "stamp": {
      "nsecs": 0,
      "secs": 0
    }
  },
  "transform": {
    "rotation": {
      "w": 0.6946451207776858,
      "x": -0.11304037898700926,
      "y": 0.11206109758641233,
      "z": 0.7015214460769936
    },
    "translation": {
      "x": -0.14924901748232136,
      "y": 0.7238582348869664,
      "z": -0.36692313792329845
    }
  }
}