{
  "child_frame_id": "qt128_rear",
  "header": {
    "frame_id": "velodyne64",
    "seq": 0,
    "stamp": {
      "nsecs": 0,
      "secs": 0
    }
  },
  "transform": {
    "rotation": {
      "w": -0.009529230674043765,
      "x": -0.1341875917158099,
      "y": 0.007030374274455968,
      "z": 0.9908851890253648
    },
    "translation": {
      "x": -2.4971866300684087,
      "y": -0.008848163521752182,
      "z": -1.3241273691259663
    }
  }
}