{
  "child_frame_id": "qt128_right",
  "header": {
    "frame_id": "velodyne64",
    "seq": 0,
    "stamp": {
      "nsecs": 0,
      "secs": 0
    }
  },
  "transform": {
    "rotation": {
      "w": -0.6968587684381401,
      "x": -0.09545114141184306,
      "y": -0.09787239692591167,
      "z": 0.7040581867814845
    },
    "translation": {
      "x": -0.15479344785798002,
      "y": -0.714055910229657,
      "z": -0.36980853957610865
    }
  }
}