{
  "frame_id": "imu",
  "child_frame_id": "main_lidar",
  "transform": {
    "translation": {
      "x": 0.03925575449074983,
      "y": 1.169870209761687,
      "z": 1.959119704265336
    },
    "rotation": {
      "x": 0.001846391237061758,
      "y": 0.003133225192529426,
      "z": 0.7060362666032746,
      "w": 0.708166339203017
    }
  }
}