{
  "child_frame_id": "qt128_left",
  "header": {
    "frame_id": "velodyne64",
    "seq": 0,
    "stamp": {
      "nsecs": 0,
      "secs": 0
    }
  },
  "transform": {
    "rotation": {
      "w": 0.6874638030688961,
      "x": -0.15112371011973041,
      "y": 0.15430001404219099,
      "z": 0.6933589614162908
    },
    "translation": {
      "x": 0.002469322708967867,
      "y": 0.7193934719914395,
      "z": -0.16140316637805913
    }
  }
}