{
  "child_frame_id": "qt128_rear",
  "header": {
    "frame_id": "velodyne64",
    "seq": 0,
    "stamp": {
      "nsecs": 0,
      "secs": 0
    }
  },
  "transform": {
    "rotation": {
      "w": -0.0036805378851719945,
      "x": -0.147384700963692,
      "y": -0.005917451204876532,
      "z": 0.9890546938031065
    },
    "translation": {
      "x": -2.228884736694693,
      "y": 0.01766209071385632,
      "z": -1.441068015302444
    }
  }
}