{
  "D": [
    3.26304,
    1.24472,
    0.000117463,
    -0.0000108599,
    0.0351893,
    3.68213,
    2.4708,
    0.271145
  ],
  "K": [
    1118.38,
    1117.93,
    959.88,
    641.925
  ],
  "distortion_model": "pinhole",
  "frame_id": "left_rear",
  "height": 1280,
  "width": 1920
}