{
  "D": [
    0.015795912876269323,
    -0.00641824514803218,
    -0.000755356490425204,
    -0.00003456388658620469
  ],
  "K": [
    559.8049860538515,
    560.1005196617042,
    953.7287172745382,
    771.7883364766416
  ],
  "distortion_model": "equi",
  "frame_id": "fisheye_right",
  "height": 1536,
  "width": 1920
}