{
  "D": [
    0.01599571648136311,
    0.0022264875513274807,
    -0.008762199240538632,
    0.0019520624214745058
  ],
  "K": [
    567.4538734354169,
    567.4538734354169,
    964.1939697265625,
    770.9420166015625
  ],
  "distortion_model": "fisheye",
  "frame_id": "fisheye_right",
  "height": 1536,
  "width": 1920
}