{
  "D": [
    0.019216588915162806,
    -0.009073792307915402,
    0.0007761736326615472,
    -0.00031946200830037906
  ],
  "K": [
    563.8753143705752,
    564.1199815582354,
    954.916902593301,
    759.4443904198524
  ],
  "distortion_model": "fisheye",
  "frame_id": "fisheye_right",
  "height": 1536,
  "width": 1920
}