{
  "child_frame_id": "qt128_qt128_front",
  "header": {
    "frame_id": "velodyne64",
    "seq": 0,
    "stamp": {
      "nsecs": 0,
      "secs": 0
    }
  },
  "transform": {
    "rotation": {
      "w": 0.9997332549337599,
      "x": -0.011568479643379145,
      "y": -0.01735513941564073,
      "z": 0.009919092405781689
    },
    "translation": {
      "x": 2.465150264890897,
      "y": 0.01626829051159982,
      "z": -1.2089354457795944
    }
  }
}