{
  "child_frame_id": "qt128_qt128_right",
  "header": {
    "frame_id": "velodyne64",
    "seq": 0,
    "stamp": {
      "nsecs": 0,
      "secs": 0
    }
  },
  "transform": {
    "rotation": {
      "w": 0.7068187946546556,
      "x": 0.08734960319086128,
      "y": 0.10350984167438525,
      "z": -0.6943075334618533
    },
    "translation": {
      "x": -0.14722639917174374,
      "y": -0.7242307263314588,
      "z": -0.3322537674892887
    }
  }
}