{
  "child_frame_id": "qt128_left",
  "header": {
    "frame_id": "velodyne64",
    "seq": 0,
    "stamp": {
      "nsecs": 0,
      "secs": 0
    }
  },
  "transform": {
    "rotation": {
      "w": 0.6974767497385381,
      "x": -0.12104444776548431,
      "y": 0.11320069395796524,
      "z": 0.6971800543093215
    },
    "translation": {
      "x": 0.00921590243482249,
      "y": 0.710168391223381,
      "z": -0.22818878067424792
    }
  }
}