{
  "child_frame_id": "qt128_rear",
  "header": {
    "frame_id": "velodyne64",
    "seq": 0,
    "stamp": {
      "nsecs": 0,
      "secs": 0
    }
  },
  "transform": {
    "rotation": {
      "w": 0.01000351854731473,
      "x": -0.2378889218896037,
      "y": 0.007121678522183422,
      "z": 0.971214740494553
    },
    "translation": {
      "x": -2.2240805150334944,
      "y": 0.0459612312042106,
      "z": -1.3388245497777373
    }
  }
}