{
  "child_frame_id": "qt128_right",
  "header": {
    "frame_id": "velodyne64",
    "seq": 0,
    "stamp": {
      "nsecs": 0,
      "secs": 0
    }
  },
  "transform": {
    "rotation": {
      "w": -0.6900889354895728,
      "x": -0.12635412310572877,
      "y": -0.11024430062222554,
      "z": 0.7040298934486852
    },
    "translation": {
      "x": -0.013218297034730507,
      "y": -0.7103968758471384,
      "z": -0.24815799838985134
    }
  }
}