{
  "D": [
    -0.03545102158513798,
    0.010361596269746112,
    -0.04006986815881932,
    0.015329714143231808
  ],
  "K": [
    1111.1358216718925,
    1111.2153724958016,
    970.354088667815,
    641.2371450222361
  ],
  "distortion_model": "equi",
  "frame_id": "left_front",
  "height": 1280,
  "width": 1920
}