{
  "D": [
    44.4960528534484,
    2700.21264285943,
    -0.00157807589977152,
    -0.00108858418540514,
    -1485.16986370153,
    44.740971871583604,
    2705.15624363345,
    -606.739149047875
  ],
  "K": [
    7310.29532434805,
    7310.29532434805,
    1918.14247193559,
    1079.10147878945
  ],
  "distortion_model": "pinhole",
  "frame_id": "front_main",
  "height": 2160,
  "width": 3840
}