{
  "frame_id": "imu",
  "child_frame_id": "main_lidar",
  "transform": {
    "translation": {
      "x": -0.01776909110220282,
      "y": 1.363642880881984,
      "z": 1.687284285228569
    },
    "rotation": {
      "x": 0.0051587575414877,
      "y": -0.0001688627939536549,
      "z": 0.7092491566313095,
      "w": 0.7049389991508209
    }
  }
}