{
  "child_frame_id": "qt128_right",
  "header": {
    "frame_id": "velodyne64",
    "seq": 0,
    "stamp": {
      "nsecs": 0,
      "secs": 0
    }
  },
  "transform": {
    "rotation": {
      "w": 0.7101700377428815,
      "x": 0.021946886137692436,
      "y": 0.04561817012514333,
      "z": -0.7022078283781568
    },
    "translation": {
      "x": -0.3945663800326151,
      "y": -0.6431689329729727,
      "z": -0.203100867200178
    }
  }
}