{
  "D": [
    0.01655085956726938,
    -0.005178990089166487,
    -0.0011847967276988574,
    0.000021179339219954476
  ],
  "K": [
    569.1384786402845,
    569.4416643803181,
    946.4277869100204,
    762.9600353791025
  ],
  "distortion_model": "fisheye",
  "frame_id": "fisheye_front",
  "height": 1536,
  "width": 1920
}