{
  "frame_id": "imu",
  "child_frame_id": "main_lidar",
  "transform": {
    "translation": {
      "x": -0.01866452254853611,
      "y": 1.266088560655699,
      "z": 1.636261593678177
    },
    "rotation": {
      "x": 0.009927721920148843,
      "y": 0.0055542308966862,
      "z": 0.7101636054629631,
      "w": 0.7039447736381511
    }
  }
}