{
  "frame_id": "imu",
  "child_frame_id": "main_lidar",
  "transform": {
    "translation": {
      "x": -0.0217406003810869,
      "y": 1.339134645784454,
      "z": 1.675860284940749
    },
    "rotation": {
      "x": 0.002832584122685103,
      "y": 0.00002193182754799539,
      "z": 0.7070155380167115,
      "w": 0.707192339458738
    }
  }
}