{"duration": 31.904716730117798, "input_args": {"N": "5"}, "time": 1698531980.1837032}