{
  "D": [
    0.017743292606903265,
    -0.006636489182344199,
    -0.0003055324653945743,
    -0.00014984528451056917
  ],
  "K": [
    568.3020968843417,
    568.4600485881633,
    951.0323323976127,
    766.0047833598414
  ],
  "distortion_model": "fisheye",
  "frame_id": "fisheye_right",
  "height": 1536,
  "width": 1920
}