{
  "D": [
    0.01722171763677283,
    -0.006786626503022849,
    -0.0006366181622222261,
    -0.00004220109473485376
  ],
  "K": [
    567.5448114652298,
    567.5086780261427,
    951.3048652390156,
    766.0529905615376
  ],
  "distortion_model": "fisheye",
  "frame_id": "fisheye_right",
  "height": 1536,
  "width": 1920
}