{"duration": 9.237809896469116, "input_args": {"l": "3"}, "time": 1692640850.150832}