{
  "child_frame_id": "qt128_front",
  "header": {
    "frame_id": "velodyne64",
    "seq": 0,
    "stamp": {
      "nsecs": 0,
      "secs": 0
    }
  },
  "transform": {
    "rotation": {
      "w": 0.980916803205786,
      "x": -0.0022378684634271613,
      "y": 0.19440937426221577,
      "z": 0.0014873910902687137
    },
    "translation": {
      "x": 2.5916313696539843,
      "y": 0.012653854729548383,
      "z": -1.0556899586974462
    }
  }
}