{
  "child_frame_id": "qt128_rear",
  "header": {
    "frame_id": "velodyne64",
    "seq": 0,
    "stamp": {
      "nsecs": 0,
      "secs": 0
    }
  },
  "transform": {
    "rotation": {
      "w": -0.005804537183781178,
      "x": -0.23348428123619402,
      "y": 0.0037820644825095197,
      "z": 0.9723358955381366
    },
    "translation": {
      "x": -2.2365447274765473,
      "y": -0.019550659975137056,
      "z": -1.3044251964304443
    }
  }
}