{
  "child_frame_id": "qt128_right",
  "header": {
    "frame_id": "velodyne64",
    "seq": 0,
    "stamp": {
      "nsecs": 0,
      "secs": 0
    }
  },
  "transform": {
    "rotation": {
      "w": 0.7037462107271818,
      "x": 0.12021311957378171,
      "y": 0.12102581430075694,
      "z": -0.6896686371311309
    },
    "translation": {
      "x": 0.004727764560427424,
      "y": -0.7236708112848708,
      "z": -0.2205538112843279
    }
  }
}