{"duration": 60.3110568523407, "input_args": {"N": "4"}, "time": 1701358302.5575612}