{"duration": 21.613260507583618, "input_args": {"N": "52"}, "time": 1698531916.3621414}