{
  "D": [
    0.014985081549786021,
    -0.0050725327731056,
    -0.0013634565923455288,
    0.0000781937003081231
  ],
  "K": [
    570.2485406438424,
    569.9740119236069,
    963.5248073276719,
    758.0479992361451
  ],
  "distortion_model": "fisheye",
  "frame_id": "fisheye_left",
  "height": 1536,
  "width": 1920
}