{
  "D": [
    -0.02656837358584862,
    -0.024595069964136664,
    0.0,
    0.0
  ],
  "K": [
    1113.6963712712,
    1113.6963712712,
    961.3164185216709,
    603.7850693763796
  ],
  "distortion_model": "fisheye",
  "frame_id": "camera_left_rear",
  "height": 1280,
  "width": 1920
}