{
  "child_frame_id": "qt128_left",
  "header": {
    "frame_id": "velodyne64",
    "seq": 0,
    "stamp": {
      "nsecs": 0,
      "secs": 0
    }
  },
  "transform": {
    "rotation": {
      "w": 0.6873659881665237,
      "x": -0.15169276597946926,
      "y": 0.15431830955924827,
      "z": 0.6933276010632581
    },
    "translation": {
      "x": 0.001042196178394323,
      "y": 0.7170957443292983,
      "z": -0.16653347209522373
    }
  }
}