{
  "child_frame_id": "qt128_rear",
  "header": {
    "frame_id": "velodyne64",
    "seq": 0,
    "stamp": {
      "nsecs": 0,
      "secs": 0
    }
  },
  "transform": {
    "rotation": {
      "w": 0.00017116224277333007,
      "x": -0.1487421177272636,
      "y": -0.005330064880692345,
      "z": 0.9888616402337909
    },
    "translation": {
      "x": -2.228153356458108,
      "y": 0.015170711403305327,
      "z": -1.3141189990719637
    }
  }
}