{
  "child_frame_id": "qt128_right",
  "header": {
    "frame_id": "velodyne64",
    "seq": 0,
    "stamp": {
      "nsecs": 0,
      "secs": 0
    }
  },
  "transform": {
    "rotation": {
      "w": 0.6915771505961541,
      "x": 0.15455803967422202,
      "y": 0.1535320753742315,
      "z": -0.6886659269752262
    },
    "translation": {
      "x": -0.0039612758679155625,
      "y": -0.7152666928087121,
      "z": -0.1666913352470739
    }
  }
}