{"duration": 40.15709662437439, "input_args": {"N": "1"}, "time": 1697837353.0579066}