{
  "test_type": "single_simulator_test",
  "tested_simulator": "webarenaonestopshop",
  "total_simulators": 1,
  "successful_tests": 0,
  "failed_tests": 1,
  "total_duration": 19.49419903755188,
  "login_attempts": 0,
  "successful_logins": 0,
  "login_success_rate": 0,
  "overall_success_rate": 0.0,
  "individual_simulator_metrics": [
    {
      "simulator_name": "webarenaonestopshop",
      "success": false,
      "total_duration": 19.494075536727905,
      "environment_id": "49803c3c-55a3-4f48-9842-6a3a3dd1f7f5",
      "steps_timing": {
        "environment_creation": 0.09345364570617676,
        "environment_ready": 0.07879066467285156,
        "environment_reset": 12.141290664672852,
        "public_url_retrieval": 6.246566772460938e-05,
        "environment_closure": 3.0994415283203125e-06
      },
      "tasks_count": 0,
      "login_attempted": false,
      "login_successful": false,
      "error": "BrowserType.launch: Executable doesn't exist at /home/ubuntu/.cache/ms-playwright/chromium_headless_shell-1155/chrome-linux/headless_shell\n\u2554\u2550\u2550\u2550\u2550\u2550\u2550\u2550\u2550\u2550\u2550\u2550\u2550\u2550\u2550\u2550\u2550\u2550\u2550\u2550\u2550\u2550\u2550\u2550\u2550\u2550\u2550\u2550\u2550\u2550\u2550\u2550\u2550\u2550\u2550\u2550\u2550\u2550\u2550\u2550\u2550\u2550\u2550\u2550\u2550\u2550\u2550\u2550\u2550\u2550\u2550\u2550\u2550\u2550\u2550\u2550\u2550\u2550\u2550\u2550\u2550\u2557\n\u2551 Looks like Playwright was just installed or updated.       \u2551\n\u2551 Please run the following command to download new browsers: \u2551\n\u2551                                                            \u2551\n\u2551     playwright install                                     \u2551\n\u2551                                                            \u2551\n\u2551 <3 Playwright Team                                         \u2551\n\u255a\u2550\u2550\u2550\u2550\u2550\u2550\u2550\u2550\u2550\u2550\u2550\u2550\u2550\u2550\u2550\u2550\u2550\u2550\u2550\u2550\u2550\u2550\u2550\u2550\u2550\u2550\u2550\u2550\u2550\u2550\u2550\u2550\u2550\u2550\u2550\u2550\u2550\u2550\u2550\u2550\u2550\u2550\u2550\u2550\u2550\u2550\u2550\u2550\u2550\u2550\u2550\u2550\u2550\u2550\u2550\u2550\u2550\u2550\u2550\u2550\u255d"
    }
  ]
}