{
  "D": [
    -0.026279692498798198,
    -0.02475259465155024,
    0.0,
    0.0
  ],
  "K": [
    1118.0232751581477,
    1118.0232751581477,
    958.9181342641989,
    599.2473314711748
  ],
  "distortion_model": "fisheye",
  "frame_id": "camera_left_rear",
  "height": 1280,
  "width": 1920
}