{
  "child_frame_id": "qt128_qt128_left",
  "header": {
    "frame_id": "velodyne64",
    "seq": 0,
    "stamp": {
      "nsecs": 0,
      "secs": 0
    }
  },
  "transform": {
    "rotation": {
      "w": 0.6934522983283669,
      "x": -0.11518489873626014,
      "y": 0.11787523494700336,
      "z": 0.7013998702825743
    },
    "translation": {
      "x": -0.1528243021272762,
      "y": 0.7150085777005103,
      "z": -0.3607183598225697
    }
  }
}