{
  "child_frame_id": "qt128_qt128_right",
  "header": {
    "frame_id": "velodyne64",
    "seq": 0,
    "stamp": {
      "nsecs": 0,
      "secs": 0
    }
  },
  "transform": {
    "rotation": {
      "w": 0.6984399434325451,
      "x": 0.11954962355464298,
      "y": 0.10941737650598832,
      "z": -0.6970777364429546
    },
    "translation": {
      "x": -0.15559486360517888,
      "y": -0.7080451947129928,
      "z": -0.35723973026601813
    }
  }
}