{
  "D": [
    0.014891492581982626,
    -0.005512747099211484,
    -0.0006478428720888942,
    -0.00014916525101555628
  ],
  "K": [
    565.4614446871543,
    565.8529066027431,
    953.0031001705228,
    761.652849753071
  ],
  "distortion_model": "fisheye",
  "frame_id": "fisheye_rear",
  "height": 1536,
  "width": 1920
}