{"duration": 62.55181932449341, "input_args": {"N": "300"}, "time": 1698532697.9323244}