{
  "child_frame_id": "qt128_front",
  "header": {
    "frame_id": "velodyne64",
    "seq": 0,
    "stamp": {
      "nsecs": 0,
      "secs": 0
    }
  },
  "transform": {
    "rotation": {
      "w": 0.9765964077614316,
      "x": -0.00575162413309354,
      "y": 0.21488759718895842,
      "z": -0.0070495206684640255
    },
    "translation": {
      "x": 2.575842852602576,
      "y": -0.02244559926280521,
      "z": -1.042451836867726
    }
  }
}