{
  "child_frame_id": "qt128_right",
  "header": {
    "frame_id": "velodyne64",
    "seq": 0,
    "stamp": {
      "nsecs": 0,
      "secs": 0
    }
  },
  "transform": {
    "rotation": {
      "w": 0.6920923189379419,
      "x": 0.15564664208501452,
      "y": 0.15151306752366245,
      "z": -0.68835029980696
    },
    "translation": {
      "x": 0.0003410306876342591,
      "y": -0.7191022011949959,
      "z": -0.1814001707734656
    }
  }
}