{"duration": 1.9069998264312744, "input_args": {"l": "-1"}, "time": 1692640868.4140296}