{
  "child_frame_id": "qt128_qt128_left",
  "header": {
    "frame_id": "velodyne64",
    "seq": 0,
    "stamp": {
      "nsecs": 0,
      "secs": 0
    }
  },
  "transform": {
    "rotation": {
      "w": 0.6932477269507383,
      "x": -0.13544285661445626,
      "y": 0.11295288136734571,
      "z": 0.6987878564060518
    },
    "translation": {
      "x": -0.0012361218253503386,
      "y": 0.6132148139194866,
      "z": -0.14895200408108464
    }
  }
}