{
  "child_frame_id": "qt128_qt128_rear",
  "header": {
    "frame_id": "velodyne64",
    "seq": 0,
    "stamp": {
      "nsecs": 0,
      "secs": 0
    }
  },
  "transform": {
    "rotation": {
      "w": 0.007238311319077321,
      "x": -0.012787811882678307,
      "y": -0.002679157574818591,
      "z": 0.9998884441932463
    },
    "translation": {
      "x": -2.2851904788728903,
      "y": 0.029268624911118722,
      "z": -1.53028200175363
    }
  }
}