{
  "child_frame_id": "qt128_qt128_right",
  "header": {
    "frame_id": "velodyne64",
    "seq": 0,
    "stamp": {
      "nsecs": 0,
      "secs": 0
    }
  },
  "transform": {
    "rotation": {
      "w": 0.7016206473164487,
      "x": 0.138270601050813,
      "y": 0.10825290482894544,
      "z": -0.6905729626479664
    },
    "translation": {
      "x": 0.00031359879046220394,
      "y": -0.600611747184521,
      "z": -0.16138481830893725
    }
  }
}