{
  "D": [
    1.92084,
    0.578602,
    -1.65668e-6,
    0.0000325595,
    0.0134401,
    2.33888,
    1.25261,
    0.113775
  ],
  "K": [
    1116.26,
    1115.89,
    958.453,
    641.833
  ],
  "distortion_model": "pinhole",
  "frame_id": "camera_right_rear",
  "height": 1280,
  "width": 1920
}