{
  "D": [
    4.6899,
    2.15003,
    -8.42848e-7,
    -3.76568e-6,
    0.0852261,
    5.11061,
    3.96747,
    0.538756
  ],
  "K": [
    1116.08,
    1115.62,
    957.713,
    640.841
  ],
  "distortion_model": "pinhole",
  "frame_id": "camera_right_rear",
  "height": 1280,
  "width": 1920
}