{
  "frame_id": "imu",
  "child_frame_id": "main_lidar",
  "transform": {
    "translation": {
      "x": 0.02400690217942301,
      "y": 1.33199840980921,
      "z": 1.571435270959883
    },
    "rotation": {
      "x": 0.02473695794163061,
      "y": 0.004960899592290456,
      "z": 0.7054685709385738,
      "w": 0.7082920074410807
    }
  }
}