{"duration": 9.3055100440979, "input_args": {"l": "4"}, "time": 1692640859.5087357}