{
  "child_frame_id": "qt128_qt128_front",
  "header": {
    "frame_id": "velodyne64",
    "seq": 0,
    "stamp": {
      "nsecs": 0,
      "secs": 0
    }
  },
  "transform": {
    "rotation": {
      "w": 0.9998934747791559,
      "x": -0.0034548012303789086,
      "y": 0.014054810964060877,
      "z": -0.0018883144040576028
    },
    "translation": {
      "x": 2.630016468334535,
      "y": 0.010025311006410586,
      "z": -1.3828422320517395
    }
  }
}