{
  "child_frame_id": "qt128_qt128_left",
  "header": {
    "frame_id": "velodyne64",
    "seq": 0,
    "stamp": {
      "nsecs": 0,
      "secs": 0
    }
  },
  "transform": {
    "rotation": {
      "w": 0.6931640126121429,
      "x": -0.11480047671048958,
      "y": 0.11558726376779609,
      "z": 0.7021282551081044
    },
    "translation": {
      "x": -0.13522573922354278,
      "y": 0.7547727928574457,
      "z": -0.3440795429670581
    }
  }
}