{
  "child_frame_id": "qt128_qt128_right",
  "header": {
    "frame_id": "velodyne64",
    "seq": 0,
    "stamp": {
      "nsecs": 0,
      "secs": 0
    }
  },
  "transform": {
    "rotation": {
      "w": 0.703157351148009,
      "x": 0.11581953161644237,
      "y": 0.10989794182177973,
      "z": -0.6928766253857898
    },
    "translation": {
      "x": -0.11932501585868652,
      "y": -0.753370956410529,
      "z": -0.33114284965636614
    }
  }
}