{
  "child_frame_id": "qt128_qt128_front",
  "header": {
    "frame_id": "velodyne64",
    "seq": 0,
    "stamp": {
      "nsecs": 0,
      "secs": 0
    }
  },
  "transform": {
    "rotation": {
      "w": 0.9999174411253894,
      "x": -0.003414688623279152,
      "y": 0.012311084728494535,
      "z": -0.0013740551907186714
    },
    "translation": {
      "x": 2.6271222764870155,
      "y": 0.009105608294426528,
      "z": -1.380761339719506
    }
  }
}