{
  "child_frame_id": "qt128_qt128_left",
  "header": {
    "frame_id": "velodyne64",
    "seq": 0,
    "stamp": {
      "nsecs": 0,
      "secs": 0
    }
  },
  "transform": {
    "rotation": {
      "w": 0.6929365201684624,
      "x": -0.11469977553462862,
      "y": 0.11579286178383941,
      "z": 0.7023353569834262
    },
    "translation": {
      "x": -0.1274045581769047,
      "y": 0.7585810603367747,
      "z": -0.3440035062641229
    }
  }
}