{
  "child_frame_id": "qt128_qt128_right",
  "header": {
    "frame_id": "velodyne64",
    "seq": 0,
    "stamp": {
      "nsecs": 0,
      "secs": 0
    }
  },
  "transform": {
    "rotation": {
      "w": 0.7033406577156355,
      "x": 0.1151102652452782,
      "y": 0.1097424606369772,
      "z": -0.692833413146797
    },
    "translation": {
      "x": -0.12169615989102497,
      "y": -0.7626716191350337,
      "z": -0.33795296873123554
    }
  }
}