{
  "frame_id": "camera_fisheye_right",
  "height": 1536,
  "width": 1920,
  "distortion_model": "equidistant",
  "D": [
    0.13627109710348298,
    -0.03188510702603386,
    -0.002255910984745002,
    0.000873916884021537
  ],
  "K": [
    509.1211941315027,
    509.4626874914218,
    952.4509123554689,
    767.9813686088442
  ]
}