{
  "D": [
    0.0204346337801281,
    -0.011211763821559199,
    0.0020269283307347108,
    -0.0005680901460292547
  ],
  "K": [
    564.5346581728901,
    564.3619683366891,
    947.8278473633359,
    761.422141441241
  ],
  "distortion_model": "fisheye",
  "frame_id": "fisheye_right",
  "height": 1536,
  "width": 1920
}