{"duration": 13.436737775802612, "input_args": {"N": "8"}, "time": 1698527164.2044077}