{
  "header": {
    "seq": null,
    "stamp": {
      "secs": null,
      "nsecs": null
    },
    "frame_id": "velodyne64"
  },
  "transform": {
    "rotation": {
      "x": -0.1175863937577829,
      "y": 0.1222746875661952,
      "z": 0.6988115389025821,
      "w": 0.6948991105766607
    },
    "translation": {
      "x": 0.00493948,
      "y": 0.6630079,
      "z": -0.2042525
    }
  },
  "child_frame_id": "qt128_left"
}