{
  "header": {
    "seq": null,
    "stamp": {
      "secs": null,
      "nsecs": null
    },
    "frame_id": "velodyne64"
  },
  "transform": {
    "rotation": {
      "w": 0.011300183922722938,
      "x": -0.003221975434965994,
      "y": -0.00251318973844633,
      "z": 0.9999278016911759
    },
    "translation": {
      "x": -2.350437116775436,
      "y": 0.024229720207293817,
      "z": -1.4715389498939457
    }
  },
  "child_frame_id": "qt128_rear"
}