{
  "D": [
    0.01590139657648804,
    -0.007384960281459868,
    0.0001185554293921048,
    -0.0002461781015547067
  ],
  "K": [
    568.088581668346,
    568.3565419099795,
    954.0623086263709,
    765.4066730510372
  ],
  "distortion_model": "fisheye",
  "frame_id": "fisheye_left",
  "height": 1536,
  "width": 1920
}