{
  "D": [
    4.27953,
    1.70364,
    0.000049603,
    0.0000403931,
    0.0504588,
    4.70156,
    3.3464,
    0.375739
  ],
  "K": [
    1119.41,
    1118.99,
    956.95,
    639.973
  ],
  "distortion_model": "pinhole",
  "frame_id": "left_front",
  "height": 1280,
  "width": 1920
}