{
  "D": [
    0.017832453098290003,
    -0.005396435560731018,
    -0.0013868465245521645,
    0.00011104339308450818
  ],
  "K": [
    564.7735527253236,
    565.8977615404226,
    967.2712277598115,
    745.319796078611
  ],
  "distortion_model": "fisheye",
  "frame_id": "fisheye_right",
  "height": 1536,
  "width": 1920
}