{
  "D": [
    0.004874739415492691,
    0.018985387983320938,
    -0.015805907217368124,
    0.0029315738105247812
  ],
  "K": [
    561.1769549412011,
    561.1769549412011,
    975.7041625976562,
    754.9666748046875
  ],
  "distortion_model": "fisheye",
  "frame_id": "fisheye_left",
  "height": 1536,
  "width": 1920
}