{
  "D": [
    1.89482,
    0.555893,
    -0.0000204582,
    -8.31681e-6,
    0.0120208,
    2.31328,
    1.21861,
    0.106403
  ],
  "K": [
    1115.37,
    1114.97,
    960.011,
    639.616
  ],
  "distortion_model": "pinhole",
  "frame_id": "right_rear",
  "height": 1280,
  "width": 1920
}