{
  "D": [
    1.76408,
    0.457798,
    -0.000028059,
    -0.0000258167,
    0.00565435,
    2.18157,
    1.0658,
    0.0745044
  ],
  "K": [
    1115.76,
    1115.22,
    960.365,
    641.085
  ],
  "distortion_model": "pinhole",
  "frame_id": "camera_right_rear",
  "height": 1280,
  "width": 1920
}