{
  "header": {
    "seq": null,
    "stamp": {
      "secs": null,
      "nsecs": null
    },
    "frame_id": "velodyne64"
  },
  "transform": {
    "rotation": {
      "w": 0.6957535131852075,
      "x": -0.11928421985668651,
      "y": 0.1230827121777732,
      "z": 0.6975306228020288
    },
    "translation": {
      "x": 0.008268579027939713,
      "y": 0.6076864800908561,
      "z": -0.15317928645230972
    }
  },
  "child_frame_id": "qt128_left"
}