{
  "header": {
    "seq": null,
    "stamp": {
      "secs": null,
      "nsecs": null
    },
    "frame_id": "velodyne64"
  },
  "transform": {
    "rotation": {
      "w": 0.01046675892781252,
      "x": 0.010059416967111929,
      "y": 0.00048302792861991775,
      "z": 0.9998945053213609
    },
    "translation": {
      "x": -2.352431590991939,
      "y": 0.03366122512922299,
      "z": -1.6419705397115736
    }
  },
  "child_frame_id": "qt128_rear"
}