{
  "header": {
    "seq": null,
    "stamp": {
      "secs": null,
      "nsecs": null
    },
    "frame_id": "velodyne64"
  },
  "transform": {
    "rotation": {
      "w": 0.6965475648981624,
      "x": 0.12585067361517216,
      "y": 0.1231208132231013,
      "z": -0.6955748436626572
    },
    "translation": {
      "x": -0.011580345825222096,
      "y": -0.6543812241313557,
      "z": -0.14163997840884568
    }
  },
  "child_frame_id": "qt128_right"
}