{
  "D": [
    0.017401611930279778,
    -0.008021516005548056,
    0.00009433954092070564,
    -0.00019069582815087847
  ],
  "K": [
    564.6655958109212,
    564.3711257299144,
    945.7326860075351,
    761.6385120087297
  ],
  "distortion_model": "fisheye",
  "frame_id": "fisheye_left",
  "height": 1536,
  "width": 1920
}