{
  "D": [
    0.015581199356381383,
    -0.006342150669548135,
    -0.0002477778747407535,
    -0.0002154600872642956
  ],
  "K": [
    567.0311550616864,
    566.8841429255704,
    945.79809349148,
    762.633504015656
  ],
  "distortion_model": "fisheye",
  "frame_id": "fisheye_left",
  "height": 1536,
  "width": 1920
}