{
  "child_frame_id": "qt128_qt128_left",
  "header": {
    "frame_id": "velodyne64",
    "seq": 0,
    "stamp": {
      "nsecs": 0,
      "secs": 0
    }
  },
  "transform": {
    "rotation": {
      "w": 0.6997783028730511,
      "x": -0.11272586211656051,
      "y": 0.10274517488691877,
      "z": 0.6978872658786999
    },
    "translation": {
      "x": -0.14591552805630437,
      "y": 0.7164066932551724,
      "z": -0.38043296588935877
    }
  }
}