{
  "child_frame_id": "qt128_qt128_rear",
  "header": {
    "frame_id": "velodyne64",
    "seq": 0,
    "stamp": {
      "nsecs": 0,
      "secs": 0
    }
  },
  "transform": {
    "rotation": {
      "w": -0.01032064490053002,
      "x": -0.14578477045687732,
      "y": 0.006708461730887335,
      "z": 0.989239749268537
    },
    "translation": {
      "x": -2.494528256746939,
      "y": 0.005457210472552162,
      "z": -1.3851406279762897
    }
  }
}