{
  "child_frame_id": "qt128_qt128_left",
  "header": {
    "frame_id": "velodyne64",
    "seq": 0,
    "stamp": {
      "nsecs": 0,
      "secs": 0
    }
  },
  "transform": {
    "rotation": {
      "w": 0.708683803356462,
      "x": -0.04027220073492385,
      "y": 0.06705537201875207,
      "z": 0.701176863417221
    },
    "translation": {
      "x": -0.3923147902793116,
      "y": 0.6297432928397686,
      "z": -0.1827906035129233
    }
  }
}