{
  "child_frame_id": "qt128_qt128_rear",
  "header": {
    "frame_id": "velodyne64",
    "seq": 0,
    "stamp": {
      "nsecs": 0,
      "secs": 0
    }
  },
  "transform": {
    "rotation": {
      "w": 0.009351247401293412,
      "x": -0.0717955765283786,
      "y": 0.009687291394819823,
      "z": 0.997328484376351
    },
    "translation": {
      "x": -2.7175972026994355,
      "y": 0.058286091723228906,
      "z": -1.160968730785467
    }
  }
}