{
  "child_frame_id": "qt128_qt128_right",
  "header": {
    "frame_id": "velodyne64",
    "seq": 0,
    "stamp": {
      "nsecs": 0,
      "secs": 0
    }
  },
  "transform": {
    "rotation": {
      "w": 0.7096917165480555,
      "x": 0.02159176572613739,
      "y": 0.04409137357070493,
      "z": -0.7027996968500702
    },
    "translation": {
      "x": -0.3891774952692553,
      "y": -0.6309251972102943,
      "z": -0.206776619186388
    }
  }
}