{
  "child_frame_id": "qt128_qt128_left",
  "header": {
    "frame_id": "velodyne64",
    "seq": 0,
    "stamp": {
      "nsecs": 0,
      "secs": 0
    }
  },
  "transform": {
    "rotation": {
      "w": 0.6899204038172938,
      "x": -0.10888056840580991,
      "y": 0.10465805840624857,
      "z": 0.7079558948344481
    },
    "translation": {
      "x": -0.1500171833449906,
      "y": 0.7189253833611913,
      "z": -0.3529513911788305
    }
  }
}