{
  "child_frame_id": "qt128_qt128_rear",
  "header": {
    "frame_id": "velodyne64",
    "seq": 0,
    "stamp": {
      "nsecs": 0,
      "secs": 0
    }
  },
  "transform": {
    "rotation": {
      "w": -0.0031576256095468837,
      "x": -0.13486376063390693,
      "y": 0.005662260404611896,
      "z": 0.9908429412754074
    },
    "translation": {
      "x": -2.484975487347376,
      "y": -0.018240311923952375,
      "z": -1.3451922459525543
    }
  }
}