{
  "D": [
    -0.020369304099528723,
    0.0011859723931988662,
    0.0,
    0.0
  ],
  "K": [
    1852.4148865342538,
    1852.4148865342538,
    1923.3190363579638,
    1077.3587703166233
  ],
  "distortion_model": "fisheye",
  "frame_id": "camera_front_wide",
  "height": 2160,
  "width": 3840
}