{
  "frame_id": "imu",
  "child_frame_id": "main_lidar",
  "transform": {
    "translation": {
      "x": 0.02614262328548718,
      "y": 1.173244473850321,
      "z": 1.758542199015495
    },
    "rotation": {
      "x": -0.009136001639034113,
      "y": 0.02102449295719724,
      "z": 0.7070828158594985,
      "w": 0.7067590789555852
    }
  }
}