{
  "D": [
    0.01631345033635209,
    -0.004417246838077661,
    -0.001865245714503737,
    0.0001750936160321231
  ],
  "K": [
    569.9462736376217,
    570.2231068587325,
    969.7277932863686,
    750.4272782845626
  ],
  "distortion_model": "fisheye",
  "frame_id": "fisheye_right",
  "height": 1536,
  "width": 1920
}