{
  "frame_id": "imu",
  "child_frame_id": "main_lidar",
  "transform": {
    "translation": {
      "x": -0.00820650734883438,
      "y": 1.362421769060574,
      "z": 1.666249253664318
    },
    "rotation": {
      "x": 0.02042397405127153,
      "y": -0.0009866706536858939,
      "z": 0.7026681879960189,
      "w": 0.7112238081949773
    }
  }
}