{
  "frame_id": "imu",
  "child_frame_id": "main_lidar",
  "transform": {
    "translation": {
      "x": -0.01033629566026801,
      "y": 1.147301092036533,
      "z": 1.95773074391981
    },
    "rotation": {
      "x": -0.006225800558585157,
      "y": 0.000915211871672617,
      "z": 0.7080406063468236,
      "w": 0.7061436833666764
    }
  }
}