{"sofalite.output.tables": 1745396354.4805355, "sofalite.data_extraction.charts.histogram": 1746326284.971031, "sofalite.data_extraction": 1745396354.4645388, "sofalite.data_extraction.stats.chi_square": 1746337334.1458023, "sofalite.utils.maths": 1745396354.4839418, "sofalite.utils.dates": 1745396354.4839418, "sofalite.output.tables.interfaces": 1745980491.8895636, "sofalite.output.charts.line": 1746302747.9231122, "sofalite.output.charts.conf": 1746037972.6486526, "sofalite.output.charts.histogram": 1746326350.377701, "sofalite.data_extraction.db": 1746336952.878338, "sofalite.output.charts.utils": 1746302229.7536411, "sofalite.output.tables.utils.misc": 1746303597.4789705, "sofalite.utils": 1745396354.4835355, "sofalite.output": 1745396354.4665358, "sofalite.output.charts": 1745396354.4674082, "sofalite.output.stats.common": 1746303357.2814271, "sofalite.stats_calc.utils": 1745396354.4835355, "sofalite": 1746337358.2111783, "sofalite.output.charts.interfaces": 1746302023.600353, "sofalite.output.styles": 1746039562.708963, "sofalite.output.charts.bar": 1746336726.0381532, "sofalite.stats_calc.histogram": 1746326123.209602, "sofalite.output.tables.utils": 1745396354.4815357, "sofalite.stats_calc.engine": 1746335297.9958258, "sofalite.utils.misc": 1745396354.4839418, "sofalite.output.charts.boxplot": 1746326340.8748698, "sofalite.output.stats.chi_square": 1746125635.212535, "sofalite.output.charts.common": 1746302611.03284, "sofalite.stats_calc": 1745396354.4817083, "sofalite.conf.var_labels": 1746068019.4811313, "sofalite.output.tables.utils.tree_indexer": 1745535385.1569245, "sofalite.data_extraction.stats": 1745396354.4655359, "sofalite.conf.main": 1746078674.321922, "sofalite.output.tables.freq": 1746078332.181296, "sofalite.output.interfaces": 1746038020.7883904, "sofalite.output.tables.utils.multi_index_sort": 1745396354.4817083, "sofalite.output.styles.prestige_screen": 1745716367.6257868, "sofalite.data_extraction.stats.msgs": 1745396354.4661334, "sofalite.data_extraction.utils": 1746326267.7054543, "sofalite.data_extraction.charts.scatterplot": 1745396354.4655359, "sofalite.utils.stats": 1745396354.4839418, "sofalite.output.charts.pie": 1746326359.5305457, "sofalite.output.tables.cross_tab": 1746078332.1632965, "sofalite.output.styles.interfaces": 1745980491.87167, "sofalite.output.stats.ttest_indep": 1746303576.975198, "sofalite.output.charts.mpl_pngs": 1746303441.0536313, "sofalite.output.stats.anova": 1746301264.3800824, "sofalite.data_extraction.charts.freq_specs": 1745396354.4648983, "sofalite.output.styles.utils": 1746070250.4544528, "sofalite.output.styles.grey_spirals": 1745716367.630787, "sofalite.output.styles.two_degrees": 1745716367.6387868, "sofalite.output.utils": 1746038049.7742324, "sofalite.data_extraction.stats.anova": 1746326441.5594265, "sofalite.data_extraction.charts.boxplot": 1746301513.5240252, "sofalite.conf": 1745396354.464498, "sofalite.output.charts.scatterplot": 1746326368.9113934, "sofalite.output.charts.area": 1746302023.5833533, "sofalite.stats_calc.boxplot": 1745396354.4824553, "sofalite.data_extraction.stats.ttest_indep": 1746326313.487303, "sofalite.output.tables.utils.html_fixes": 1745396354.4817083, "sofalite.output.stats": 1746327440.3620896, "sofalite.output.styles.default": 1745716367.633787, "sofalite.data_extraction.charts": 1745396354.4648578, "sofalite.stats_calc.interfaces": 1746335383.022793, "sofalite.data_extraction.interfaces": 1746301011.5180852, "sofalite.data_extraction.charts.xys": 1745475997.890776}
