{
  "child_frame_id": "qt128_front",
  "header": {
    "frame_id": "velodyne64",
    "seq": 0,
    "stamp": {
      "nsecs": 0,
      "secs": 0
    }
  },
  "transform": {
    "rotation": {
      "w": 0.9898743158916302,
      "x": -0.007343221059730909,
      "y": 0.1415885626991241,
      "z": 0.006898895226138376
    },
    "translation": {
      "x": 2.506680607394858,
      "y": -0.008114843499698106,
      "z": -1.1669783937442317
    }
  }
}