{
  "child_frame_id": "qt128_rear",
  "header": {
    "frame_id": "velodyne64",
    "seq": 0,
    "stamp": {
      "nsecs": 0,
      "secs": 0
    }
  },
  "transform": {
    "rotation": {
      "w": -0.009304156620644047,
      "x": -0.14062242764906438,
      "y": 0.007159706256138184,
      "z": 0.9899936889283629
    },
    "translation": {
      "x": -2.47800336901726,
      "y": -0.0065842345229635375,
      "z": -1.3515828231147553
    }
  }
}