{
  "child_frame_id": "qt128_right",
  "header": {
    "frame_id": "velodyne64",
    "seq": 0,
    "stamp": {
      "nsecs": 0,
      "secs": 0
    }
  },
  "transform": {
    "rotation": {
      "w": -0.6970424987662973,
      "x": -0.09850930696584762,
      "y": -0.09450844694814091,
      "z": 0.7039146431281246
    },
    "translation": {
      "x": -0.15634598625487525,
      "y": -0.710441305655357,
      "z": -0.33313139387037227
    }
  }
}