{
  "child_frame_id": "qt128_front",
  "header": {
    "frame_id": "velodyne64",
    "seq": 0,
    "stamp": {
      "nsecs": 0,
      "secs": 0
    }
  },
  "transform": {
    "rotation": {
      "w": 0.9987589779693277,
      "x": -0.0230628992477569,
      "y": 0.04181154375522255,
      "z": -0.014156320593887592
    },
    "translation": {
      "x": 2.294576467969505,
      "y": -0.04564788505796816,
      "z": -1.0284676227761318
    }
  }
}