{
  "child_frame_id": "qt128_left",
  "header": {
    "frame_id": "velodyne64",
    "seq": 0,
    "stamp": {
      "nsecs": 0,
      "secs": 0
    }
  },
  "transform": {
    "rotation": {
      "w": 0.7084628180081448,
      "x": -0.0389784217625034,
      "y": 0.06948644586974323,
      "z": 0.7012365877343065
    },
    "translation": {
      "x": -0.39381476107806446,
      "y": 0.6307996476876644,
      "z": -0.1752150251957924
    }
  }
}