{
  "child_frame_id": "qt128_rear",
  "header": {
    "frame_id": "velodyne64",
    "seq": 0,
    "stamp": {
      "nsecs": 0,
      "secs": 0
    }
  },
  "transform": {
    "rotation": {
      "w": 0.009993833049619712,
      "x": -0.07580442809000237,
      "y": 0.01183586627327095,
      "z": 0.9970023692311294
    },
    "translation": {
      "x": -2.7180127524689897,
      "y": 0.052274136172347836,
      "z": -1.1420386744948166
    }
  }
}