{"duration": 25.79121708869934, "input_args": {"N": "4"}, "time": 1695742771.2041943}