{
  "header": {
    "seq": null,
    "stamp": {
      "secs": null,
      "nsecs": null
    },
    "frame_id": "velodyne64"
  },
  "transform": {
    "rotation": {
      "w": 0.9999937642139288,
      "x": 0.0016586720073852928,
      "y": -0.0020834065371878774,
      "z": -0.0023194304538238825
    },
    "translation": {
      "x": 2.605862824508302,
      "y": -0.017653444579052723,
      "z": -1.3898147848003515
    }
  },
  "child_frame_id": "qt128_front"
}