{
  "frame_id": "imu",
  "child_frame_id": "main_lidar",
  "transform": {
    "translation": {
      "x": -0.01754246725943466,
      "y": 1.384176109168223,
      "z": 1.686547635614576
    },
    "rotation": {
      "x": 0.003016752405937722,
      "y": 0.001628332063451038,
      "z": 0.7094578184055301,
      "w": 0.7047395629896753
    }
  }
}