{
  "frame_id": "imu",
  "child_frame_id": "main_lidar",
  "transform": {
    "translation": {
      "x": -0.008312937646311191,
      "y": 1.490668726776162,
      "z": 1.636637240330197
    },
    "rotation": {
      "x": 0.009796546952858956,
      "y": -0.003945396827260529,
      "z": 0.7138649939893962,
      "w": 0.7002037074082049
    }
  }
}