{
  "child_frame_id": "qt128_front",
  "header": {
    "frame_id": "velodyne64",
    "seq": 0,
    "stamp": {
      "nsecs": 0,
      "secs": 0
    }
  },
  "transform": {
    "rotation": {
      "w": 0.9797337473855198,
      "x": 0.010977155570184567,
      "y": 0.1998057934025234,
      "z": -0.008884323964305179
    },
    "translation": {
      "x": 2.591737407433562,
      "y": -0.028112038688341022,
      "z": -1.0657914780465163
    }
  }
}