{
  "child_frame_id": "qt128_rear",
  "header": {
    "frame_id": "velodyne64",
    "seq": 0,
    "stamp": {
      "nsecs": 0,
      "secs": 0
    }
  },
  "transform": {
    "rotation": {
      "w": 0.00927358308645658,
      "x": -0.23470343612306002,
      "y": 0.00180837745771337,
      "z": 0.9720211044518209
    },
    "translation": {
      "x": -2.240881789419429,
      "y": 0.018563142104757763,
      "z": -1.324259087495239
    }
  }
}