{
  "child_frame_id": "qt128_right",
  "header": {
    "frame_id": "velodyne64",
    "seq": 0,
    "stamp": {
      "nsecs": 0,
      "secs": 0
    }
  },
  "transform": {
    "rotation": {
      "w": -0.6902127501298698,
      "x": -0.12554523635243045,
      "y": -0.11040280548999397,
      "z": 0.7040283898588982
    },
    "translation": {
      "x": -0.007038204362714829,
      "y": -0.7208291970339193,
      "z": -0.23299956162777408
    }
  }
}