{
  "D": [
    0.015959657346730795,
    -0.007558042006831489,
    0.0005477671007600616,
    -0.0003846680170774679
  ],
  "K": [
    565.5208914712317,
    565.2814286450697,
    948.3653279638855,
    764.2169701872448
  ],
  "distortion_model": "fisheye",
  "frame_id": "fisheye_left",
  "height": 1536,
  "width": 1920
}