{
  "D": [
    -0.504974,
    0.287322,
    -0.000282965,
    0.0000574074,
    -0.119115,
    0.0,
    0.0,
    0.0
  ],
  "K": [
    1948.58,
    1947.86,
    955.596,
    643.706
  ],
  "distortion_model": "pinhole",
  "frame_id": "camera_rear_main",
  "height": 1280,
  "width": 1920
}