{
  "frame_id": "camera_fisheye_front",
  "height": 1536,
  "width": 1920,
  "distortion_model": "equidistant",
  "D": [
    0.1353656203357151,
    -0.03405367827358102,
    -0.0008934804803728633,
    0.0005880047900435626
  ],
  "K": [
    509.54432823089354,
    509.7664640410567,
    953.0061749558113,
    758.2581887888643
  ]
}