{
  "D": [
    0.016489098620052288,
    -0.00674336636594318,
    -0.000485494759045968,
    -0.00006461682545536729
  ],
  "K": [
    569.3862664324095,
    569.2309479702262,
    955.2988250074218,
    763.4150717160209
  ],
  "distortion_model": "fisheye",
  "frame_id": "fisheye_front",
  "height": 1536,
  "width": 1920
}