{
  "frame_id": "imu",
  "child_frame_id": "main_lidar",
  "transform": {
    "translation": {
      "x": 0.02403169635959057,
      "y": 1.421983497322121,
      "z": 1.576866101542467
    },
    "rotation": {
      "x": 0.0235502952471744,
      "y": 0.006465461033112005,
      "z": 0.7048646689815804,
      "w": 0.7089212790069767
    }
  }
}