{
  "D": [
    -0.5041269731365586,
    0.28143485656174927,
    0.0,
    0.0,
    -0.10158297335906304,
    0.0,
    0.0,
    0.0
  ],
  "K": [
    1946.1853286897078,
    1946.1853286897078,
    956.7342371103052,
    639.8856393822874
  ],
  "distortion_model": "pinhole",
  "frame_id": "rear_main",
  "height": 1280,
  "width": 1920
}