{
  "D": [
    0.196662906654415,
    -0.183887573205157,
    -0.000061452584617815,
    -0.0000880381916594257,
    -0.0104962003834584,
    0.558626584699016,
    -0.202641527081639,
    -0.0537484061843556
  ],
  "K": [
    1910.56418645646,
    1910.56418645646,
    1916.51480754818,
    1076.90587414568
  ],
  "distortion_model": "pinhole",
  "frame_id": "front_wide",
  "height": 2160,
  "width": 3840
}