{
  "D": [
    0.01668288089637915,
    -0.006614267576352492,
    -0.0005514960340690815,
    -0.0001002298855983568
  ],
  "K": [
    567.5309365817507,
    567.827613461987,
    958.5933549539446,
    764.8117304384285
  ],
  "distortion_model": "fisheye",
  "frame_id": "fisheye_left",
  "height": 1536,
  "width": 1920
}