{
  "D": [
    0.021184730531178458,
    -0.010659591782016087,
    0.0014705722656848238,
    -0.00039591754352682264
  ],
  "K": [
    562.5047206446279,
    563.0681389690421,
    951.7588350712504,
    759.036019217121
  ],
  "distortion_model": "equi",
  "frame_id": "fisheye_left",
  "height": 1536,
  "width": 1920
}