{
  "child_frame_id": "qt128_rear",
  "header": {
    "frame_id": "velodyne64",
    "seq": 0,
    "stamp": {
      "nsecs": 0,
      "secs": 0
    }
  },
  "transform": {
    "rotation": {
      "w": -0.0014524110435052925,
      "x": -0.14722117719052244,
      "y": -0.014220690711544028,
      "z": 0.9890002969890778
    },
    "translation": {
      "x": -2.2316310950453593,
      "y": 0.02045598371662991,
      "z": -1.3812917722661444
    }
  }
}