{
  "child_frame_id": "qt128_right",
  "header": {
    "frame_id": "velodyne64",
    "seq": 0,
    "stamp": {
      "nsecs": 0,
      "secs": 0
    }
  },
  "transform": {
    "rotation": {
      "w": 0.6931725416653315,
      "x": 0.15740015173405447,
      "y": 0.15250094174868017,
      "z": -0.6866443639039693
    },
    "translation": {
      "x": -0.003571330517311629,
      "y": -0.7171807557436247,
      "z": -0.1848392500559396
    }
  }
}