{
  "D": [
    24.1545853129762,
    1329.96941492841,
    -0.0015575337376017,
    -0.000739856141382871,
    -678.510381820541,
    24.3917698719194,
    1333.66758929939,
    -245.887123410073
  ],
  "K": [
    7289.06069674905,
    7289.06069674905,
    1918.61899884048,
    1078.85485865669
  ],
  "distortion_model": "pinhole",
  "frame_id": "camera_front_main",
  "height": 2160,
  "width": 3840
}