{
  "D": [
    0.003757393536867579,
    0.056255180807671105,
    0,
    0
  ],
  "K": [
    7415.876639726265,
    7415.876639726265,
    1925.6390291193563,
    1064.8173751254985
  ],
  "distortion_model": "fisheye",
  "frame_id": "front_main",
  "height": 2160,
  "width": 3840
}