{
  "child_frame_id": "qt128_qt128_front",
  "header": {
    "frame_id": "velodyne64",
    "seq": 0,
    "stamp": {
      "nsecs": 0,
      "secs": 0
    }
  },
  "transform": {
    "rotation": {
      "w": 0.999748707549374,
      "x": -0.01128119383427508,
      "y": -0.01639481819965745,
      "z": 0.010318253497087636
    },
    "translation": {
      "x": 2.4651642025285248,
      "y": 0.02168597780428464,
      "z": -1.2090129840243005
    }
  }
}