{
  "child_frame_id": "qt128_qt128_left",
  "header": {
    "frame_id": "velodyne64",
    "seq": 0,
    "stamp": {
      "nsecs": 0,
      "secs": 0
    }
  },
  "transform": {
    "rotation": {
      "w": 0.6883687581628941,
      "x": -0.09972139223474485,
      "y": 0.11208083764717143,
      "z": 0.7096773792001178
    },
    "translation": {
      "x": -0.16172979440017252,
      "y": 0.7225877140356566,
      "z": -0.3533140123729745
    }
  }
}