{
  "child_frame_id": "qt128_qt128_rear",
  "header": {
    "frame_id": "velodyne64",
    "seq": 0,
    "stamp": {
      "nsecs": 0,
      "secs": 0
    }
  },
  "transform": {
    "rotation": {
      "w": -0.0004970552973760601,
      "x": -0.050318769660949364,
      "y": 0.002914431756380219,
      "z": 0.9987288322880125
    },
    "translation": {
      "x": -2.4952744431086886,
      "y": -0.03369674088011558,
      "z": -1.2680153303024992
    }
  }
}