{
  "child_frame_id": "qt128_qt128_right",
  "header": {
    "frame_id": "velodyne64",
    "seq": 0,
    "stamp": {
      "nsecs": 0,
      "secs": 0
    }
  },
  "transform": {
    "rotation": {
      "w": 0.7070825181438762,
      "x": 0.08714501706446703,
      "y": 0.10395421096987675,
      "z": -0.6939982568838189
    },
    "translation": {
      "x": -0.14359855318386386,
      "y": -0.7242564952132509,
      "z": -0.33347443743522776
    }
  }
}