{
  "D": [
    -0.052099419138255415,
    0.047716202870614656,
    -0.08550800191748331,
    0.03960539225188393
  ],
  "K": [
    1113.2629594568318,
    1111.2940991004616,
    969.9862019322738,
    642.5595415846478
  ],
  "distortion_model": "equi",
  "frame_id": "right_rear",
  "height": 1280,
  "width": 1920
}