{
  "D": [
    2.53902,
    0.865936,
    0.0000463756,
    0.0000197619,
    0.0220083,
    2.95688,
    1.79285,
    0.178376
  ],
  "K": [
    1116.56,
    1116.17,
    960.484,
    643.235
  ],
  "distortion_model": "pinhole",
  "frame_id": "camera_right_rear",
  "height": 1280,
  "width": 1920
}