{
  "D": [
    0.0170340094510179,
    -0.007007327523875993,
    -0.00022548709084441114,
    -0.00014820459727021907
  ],
  "K": [
    565.7042885481904,
    566.2306125143268,
    954.0986907308461,
    762.2852351587444
  ],
  "distortion_model": "fisheye",
  "frame_id": "fisheye_rear",
  "height": 1536,
  "width": 1920
}