{
  "D": [
    0.01436261156435653,
    -0.005392645021384533,
    -0.0009956609864620618,
    -0.000028522036645450826
  ],
  "K": [
    561.0194329605742,
    561.0117981102477,
    958.4802585581103,
    777.5420925098666
  ],
  "distortion_model": "equi",
  "frame_id": "fisheye_rear",
  "height": 1536,
  "width": 1920
}