{
  "D": [
    0.008695354535962846,
    0.006332893392219078,
    -0.009341299195817677,
    0.0019449745775897607
  ],
  "K": [
    568.7315557941313,
    568.7315557941313,
    963.0390625,
    770.3125610351562
  ],
  "distortion_model": "fisheye",
  "frame_id": "fisheye_rear",
  "height": 1536,
  "width": 1920
}