{
  "child_frame_id": "qt128_qt128_right",
  "header": {
    "frame_id": "velodyne64",
    "seq": 0,
    "stamp": {
      "nsecs": 0,
      "secs": 0
    }
  },
  "transform": {
    "rotation": {
      "w": -0.6894206746855637,
      "x": -0.1594518938242108,
      "y": -0.15176897802923925,
      "z": 0.6901017346594163
    },
    "translation": {
      "x": -0.005116900703653778,
      "y": -0.7203332989017027,
      "z": -0.19457092816502478
    }
  }
}