{
  "D": [
    0.016304393584183383,
    -0.00507223153583145,
    -0.0012145906852394704,
    0.00002586201122796845
  ],
  "K": [
    565.928884774621,
    566.7198693787235,
    953.229119785645,
    758.850659457215
  ],
  "distortion_model": "fisheye",
  "frame_id": "fisheye_right",
  "height": 1536,
  "width": 1920
}