{
  "child_frame_id": "qt128_qt128_front",
  "header": {
    "frame_id": "velodyne64",
    "seq": 0,
    "stamp": {
      "nsecs": 0,
      "secs": 0
    }
  },
  "transform": {
    "rotation": {
      "w": 0.999930485149542,
      "x": -0.00030586821395596616,
      "y": -0.0018001839722959591,
      "z": 0.011648633005770386
    },
    "translation": {
      "x": 2.3966554907345903,
      "y": -0.013725925168263582,
      "z": -1.108534450232704
    }
  }
}