{
  "child_frame_id": "qt128_qt128_left",
  "header": {
    "frame_id": "velodyne64",
    "seq": 0,
    "stamp": {
      "nsecs": 0,
      "secs": 0
    }
  },
  "transform": {
    "rotation": {
      "w": 0.6968331683496527,
      "x": -0.10343243501384823,
      "y": 0.10064448190347883,
      "z": 0.7025638441716675
    },
    "translation": {
      "x": -0.12720723323431496,
      "y": 0.63994431796111,
      "z": -0.23551028097964757
    }
  }
}