{
  "child_frame_id": "qt128_qt128_rear",
  "header": {
    "frame_id": "velodyne64",
    "seq": 0,
    "stamp": {
      "nsecs": 0,
      "secs": 0
    }
  },
  "transform": {
    "rotation": {
      "w": -0.0008349134409117695,
      "x": 0.0019208847846991877,
      "y": 0.001332443332471303,
      "z": 0.9999969188532312
    },
    "translation": {
      "x": -2.3931556953626782,
      "y": 0.018679147773261788,
      "z": -1.1822103870612128
    }
  }
}