{
  "child_frame_id": "qt128_right",
  "header": {
    "frame_id": "velodyne64",
    "seq": 0,
    "stamp": {
      "nsecs": 0,
      "secs": 0
    }
  },
  "transform": {
    "rotation": {
      "w": 0.707326173031815,
      "x": 0.09028267054031064,
      "y": 0.09953117514589224,
      "z": -0.693997312327904
    },
    "translation": {
      "x": -0.1431092876260146,
      "y": -0.7264717069171209,
      "z": -0.36614259619019995
    }
  }
}