{
  "D": [
    0.015858442842118993,
    -0.006016984725273538,
    -0.0005858751031598819,
    -0.00006615278090330187
  ],
  "K": [
    568.9331797981345,
    568.9508263273632,
    965.3638967823119,
    758.1230712931156
  ],
  "distortion_model": "fisheye",
  "frame_id": "fisheye_left",
  "height": 1536,
  "width": 1920
}