{
  "D": [
    -0.026379567329466617,
    -0.024712161192782932,
    0.0,
    0.0
  ],
  "K": [
    1108.3397691939215,
    1108.3397691939215,
    962.4276958083054,
    602.8662598078952
  ],
  "distortion_model": "fisheye",
  "frame_id": "camera_right_rear",
  "height": 1280,
  "width": 1920
}