{
  "D": [
    4.09803,
    1.76304,
    0.0000312262,
    -0.0000161343,
    0.0637241,
    4.51739,
    3.33393,
    0.423143
  ],
  "K": [
    1116.93,
    1116.47,
    958.955,
    643.775
  ],
  "distortion_model": "pinhole",
  "frame_id": "left_front",
  "height": 1280,
  "width": 1920
}