{
  "D": [
    0.017703705609065548,
    -0.006301575734673558,
    -0.0007206421382083062,
    -0.00004893948883868001
  ],
  "K": [
    571.423611179335,
    571.591359968008,
    956.8520311979148,
    761.5608222318941
  ],
  "distortion_model": "fisheye",
  "frame_id": "fisheye_left",
  "height": 1536,
  "width": 1920
}