{
  "D": [
    0.018497171240718986,
    -0.00657288068675185,
    -0.0010124225464487482,
    0.000058563217215018164
  ],
  "K": [
    568.5941637765221,
    568.9892545266196,
    956.2948630630663,
    759.1129865669759
  ],
  "distortion_model": "fisheye",
  "frame_id": "fisheye_left",
  "height": 1536,
  "width": 1920
}