{
  "D": [
    3.175,
    1.33903,
    0.0000471699,
    -0.0000116131,
    0.0496716,
    3.59234,
    2.53301,
    0.325147
  ],
  "K": [
    1116.22,
    1115.83,
    958.903,
    642.05
  ],
  "distortion_model": "pinhole",
  "frame_id": "left_rear",
  "height": 1280,
  "width": 1920
}